-- MySQL dump 10.13  Distrib 5.5.25a, for osx10.6 (i386)
--
-- Host: localhost    Database: rails_money_development
-- ------------------------------------------------------
-- Server version	5.5.25a

/*!40101 SET @OLD_CHARACTER_SET_CLIENT=@@CHARACTER_SET_CLIENT */;
/*!40101 SET @OLD_CHARACTER_SET_RESULTS=@@CHARACTER_SET_RESULTS */;
/*!40101 SET @OLD_COLLATION_CONNECTION=@@COLLATION_CONNECTION */;
/*!40101 SET NAMES utf8 */;
/*!40103 SET @OLD_TIME_ZONE=@@TIME_ZONE */;
/*!40103 SET TIME_ZONE='+00:00' */;
/*!40014 SET @OLD_UNIQUE_CHECKS=@@UNIQUE_CHECKS, UNIQUE_CHECKS=0 */;
/*!40014 SET @OLD_FOREIGN_KEY_CHECKS=@@FOREIGN_KEY_CHECKS, FOREIGN_KEY_CHECKS=0 */;
/*!40101 SET @OLD_SQL_MODE=@@SQL_MODE, SQL_MODE='NO_AUTO_VALUE_ON_ZERO' */;
/*!40111 SET @OLD_SQL_NOTES=@@SQL_NOTES, SQL_NOTES=0 */;

--
-- Table structure for table `banks`
--

DROP TABLE IF EXISTS `banks`;
/*!40101 SET @saved_cs_client     = @@character_set_client */;
/*!40101 SET character_set_client = utf8 */;
CREATE TABLE `banks` (
  `id` int(11) NOT NULL AUTO_INCREMENT,
  `name` varchar(255) COLLATE utf8_unicode_ci DEFAULT NULL,
  `created_at` datetime NOT NULL,
  `updated_at` datetime NOT NULL,
  PRIMARY KEY (`id`)
) ENGINE=InnoDB AUTO_INCREMENT=3 DEFAULT CHARSET=utf8 COLLATE=utf8_unicode_ci;
/*!40101 SET character_set_client = @saved_cs_client */;

--
-- Dumping data for table `banks`
--

LOCK TABLES `banks` WRITE;
/*!40000 ALTER TABLE `banks` DISABLE KEYS */;
INSERT INTO `banks` VALUES (1,'Regions','2012-08-25 20:48:57','2012-08-25 20:48:57'),(2,'Chase','2012-08-25 20:49:01','2012-08-25 20:49:01');
/*!40000 ALTER TABLE `banks` ENABLE KEYS */;
UNLOCK TABLES;

--
-- Table structure for table `categories`
--

DROP TABLE IF EXISTS `categories`;
/*!40101 SET @saved_cs_client     = @@character_set_client */;
/*!40101 SET character_set_client = utf8 */;
CREATE TABLE `categories` (
  `id` int(11) NOT NULL AUTO_INCREMENT,
  `name` varchar(255) COLLATE utf8_unicode_ci DEFAULT NULL,
  `created_at` datetime NOT NULL,
  `updated_at` datetime NOT NULL,
  PRIMARY KEY (`id`)
) ENGINE=InnoDB DEFAULT CHARSET=utf8 COLLATE=utf8_unicode_ci;
/*!40101 SET character_set_client = @saved_cs_client */;

--
-- Dumping data for table `categories`
--

LOCK TABLES `categories` WRITE;
/*!40000 ALTER TABLE `categories` DISABLE KEYS */;
/*!40000 ALTER TABLE `categories` ENABLE KEYS */;
UNLOCK TABLES;

--
-- Table structure for table `meta`
--

DROP TABLE IF EXISTS `meta`;
/*!40101 SET @saved_cs_client     = @@character_set_client */;
/*!40101 SET character_set_client = utf8 */;
CREATE TABLE `meta` (
  `id` int(11) NOT NULL AUTO_INCREMENT,
  `descriptor` varchar(255) COLLATE utf8_unicode_ci DEFAULT NULL,
  `transaction_id` int(11) DEFAULT NULL,
  `company` varchar(255) COLLATE utf8_unicode_ci DEFAULT NULL,
  `created_at` datetime NOT NULL,
  `updated_at` datetime NOT NULL,
  `note` text COLLATE utf8_unicode_ci,
  PRIMARY KEY (`id`)
) ENGINE=InnoDB AUTO_INCREMENT=383 DEFAULT CHARSET=utf8 COLLATE=utf8_unicode_ci;
/*!40101 SET character_set_client = @saved_cs_client */;

--
-- Dumping data for table `meta`
--

LOCK TABLES `meta` WRITE;
/*!40000 ALTER TABLE `meta` DISABLE KEYS */;
INSERT INTO `meta` VALUES (4,'Books',35,NULL,'2012-08-26 03:59:24','2012-08-26 07:11:35',''),(5,'Books',34,NULL,'2012-08-26 04:14:04','2012-08-26 06:41:28',''),(6,'Movie rental',36,NULL,'2012-08-26 04:14:59','2012-08-26 06:41:28',''),(7,'Dining out',38,NULL,'2012-08-26 04:15:05','2012-08-26 06:41:28',''),(8,'money',25,NULL,'2012-08-26 05:51:36','2012-08-26 06:41:28',''),(10,'Groceries',39,NULL,'2012-08-26 05:56:24','2012-08-26 06:41:28',''),(11,'Groceries',27,NULL,'2012-08-26 05:56:33','2012-08-26 06:41:28',''),(12,'Groceries',1,NULL,'2012-08-26 05:56:46','2012-08-26 06:41:28',''),(13,'Groceries',33,NULL,'2012-08-26 05:57:05','2012-08-26 06:41:28',''),(14,'Support Nate',17,NULL,'2012-08-26 05:58:46','2012-08-26 06:41:28',''),(15,'Support Brett',18,NULL,'2012-08-26 05:59:40','2012-08-26 06:41:28',''),(16,'Textbooks',37,NULL,'2012-08-26 06:30:50','2012-08-26 06:41:28',''),(17,'Movie rental',48,NULL,'2012-08-26 06:33:16','2012-08-26 06:41:28',''),(18,'Groceries',64,NULL,'2012-08-26 06:33:16','2012-08-26 06:41:28',''),(19,'Groceries',11,NULL,'2012-08-26 06:33:16','2012-08-26 06:41:28',''),(20,'Groceries',12,NULL,'2012-08-26 06:33:16','2012-08-26 06:41:28',''),(21,'money',13,NULL,'2012-08-26 06:33:16','2012-08-26 06:41:28',''),(22,'Groceries',19,NULL,'2012-08-26 06:33:16','2012-08-26 06:41:28',''),(23,'money',20,NULL,'2012-08-26 06:33:16','2012-08-26 06:41:28',''),(24,'Groceries',30,NULL,'2012-08-26 06:33:16','2012-08-26 06:41:28',''),(25,'Coffee',53,NULL,'2012-08-26 06:33:26','2012-08-26 06:41:28',''),(26,'Coffee',45,NULL,'2012-08-26 06:33:40','2012-08-26 06:41:28',''),(27,'Coffee',65,NULL,'2012-08-26 06:33:40','2012-08-26 06:41:28',''),(28,'Groceries',40,NULL,'2012-08-26 06:34:18','2012-08-26 06:41:28',''),(29,'Groceries',41,NULL,'2012-08-26 06:34:18','2012-08-26 06:41:28',''),(30,'Gym',42,NULL,'2012-08-26 06:34:18','2012-08-26 06:41:28',''),(31,'Credit card payment',43,NULL,'2012-08-26 06:34:18','2012-08-26 06:41:28',''),(32,'Groceries',44,NULL,'2012-08-26 06:34:18','2012-08-26 06:41:28',''),(33,'Gas',46,NULL,'2012-08-26 06:34:40','2012-08-26 06:41:28',''),(34,'Dining Out',47,NULL,'2012-08-26 06:34:40','2012-08-26 06:41:28',''),(35,'Gas',49,NULL,'2012-08-26 06:34:40','2012-08-26 06:41:28',''),(36,'Doughnuts',50,NULL,'2012-08-26 06:34:40','2012-08-26 18:39:54',''),(37,'Groceries',51,NULL,'2012-08-26 06:34:40','2012-08-26 06:41:28',''),(38,'Groceries',52,NULL,'2012-08-26 06:34:40','2012-08-26 06:41:28',''),(39,'Groceries',54,NULL,'2012-08-26 06:34:40','2012-08-26 06:41:28',''),(40,'Groceries',61,NULL,'2012-08-26 06:34:40','2012-08-26 06:41:28',''),(41,'Gifts',55,NULL,'2012-08-26 06:35:14','2012-08-26 06:41:28',''),(42,'Clothes',56,NULL,'2012-08-26 06:35:14','2012-08-26 06:41:28',''),(43,'Movie tickets',57,NULL,'2012-08-26 06:35:14','2012-08-26 06:41:28',''),(44,'Dining Out',58,NULL,'2012-08-26 06:35:14','2012-08-26 06:41:28',''),(45,'Coffee',59,NULL,'2012-08-26 06:35:14','2012-08-26 18:39:54',''),(46,'Gas',69,NULL,'2012-08-26 06:35:14','2012-08-26 06:41:28',''),(47,'Gas',60,NULL,'2012-08-26 06:36:16','2012-08-26 06:41:28',''),(48,'Natural Gas',2,NULL,'2012-08-26 06:36:16','2012-08-26 06:41:28',''),(49,'Sewer',3,NULL,'2012-08-26 06:36:16','2012-08-28 03:55:04',''),(50,'VE',4,NULL,'2012-08-26 06:36:16','2012-08-26 06:41:28',''),(51,'Clothes',5,NULL,'2012-08-26 06:36:16','2012-08-26 06:41:28',''),(52,'Cardinals baseball tickets',62,NULL,'2012-08-26 06:36:16','2012-08-26 06:44:03','Baseball game with David'),(53,'Cell phone',63,NULL,'2012-08-26 06:36:16','2012-08-26 06:41:28',''),(54,'Gas',66,NULL,'2012-08-26 06:36:16','2012-08-26 06:41:28',''),(55,'Dining out',67,NULL,'2012-08-26 06:36:16','2012-08-26 06:41:28',''),(56,'Dining out',68,NULL,'2012-08-26 06:36:16','2012-08-26 06:41:28',''),(57,'Dining out',70,NULL,'2012-08-26 06:37:20','2012-08-26 06:41:28',''),(58,'SSM',6,NULL,'2012-08-26 06:37:20','2012-08-26 06:41:28',''),(59,'Electric',7,NULL,'2012-08-26 06:37:20','2012-08-26 06:41:28',''),(60,'Credit card payment',8,NULL,'2012-08-26 06:37:20','2012-08-26 06:41:28',''),(61,'Clothes',9,NULL,'2012-08-26 06:37:20','2012-08-26 06:41:28',''),(62,'Day care',10,NULL,'2012-08-26 06:37:20','2012-08-26 06:41:28',''),(63,'SSM',14,NULL,'2012-08-26 06:37:20','2012-08-26 06:41:28',''),(64,'Clothes',21,NULL,'2012-08-26 06:37:20','2012-08-26 06:41:28',''),(65,'Natural Gas',28,NULL,'2012-08-26 06:37:20','2012-08-26 06:41:28',''),(66,'Electric',29,NULL,'2012-08-26 06:37:20','2012-08-26 06:41:28',''),(67,'Day care',15,NULL,'2012-08-26 06:38:04','2012-08-26 06:41:28',''),(68,'Day care',16,NULL,'2012-08-26 06:38:04','2012-08-26 06:41:28',''),(69,'Car registration',22,NULL,'2012-08-26 06:38:04','2012-08-26 06:44:30','Annual car registration'),(70,'Car registration',23,NULL,'2012-08-26 06:38:04','2012-08-26 06:44:30','License plate fee'),(71,'Car registration',24,NULL,'2012-08-26 06:38:04','2012-08-26 06:44:30','License plate fee'),(72,'Day care',26,NULL,'2012-08-26 06:38:04','2012-08-26 06:41:28',''),(73,'Mortgage',31,NULL,'2012-08-26 06:38:04','2012-08-26 06:41:28',''),(74,'Trash',32,NULL,'2012-08-26 06:38:04','2012-08-26 06:41:28',''),(75,'Gifts',236,NULL,'2012-08-28 03:55:04','2012-08-28 03:55:04',''),(76,'Coffee',237,NULL,'2012-08-28 03:55:04','2012-08-28 03:55:04',''),(77,'Gas',239,NULL,'2012-08-28 03:55:04','2012-08-28 03:55:04',''),(78,'Groceries',238,NULL,'2012-08-28 03:55:04','2012-08-28 03:55:04',''),(79,'Car maintenance',240,NULL,'2012-08-28 03:55:04','2012-08-28 03:55:04','Toyota corolla, aligned the front end ( $99 ), replaced inner tie rod ($250), rotated and balanced tires, fixed brake light'),(80,'Credit card payment',71,NULL,'2012-08-28 03:55:04','2012-08-28 03:55:04',''),(81,'Day care',72,NULL,'2012-08-28 03:55:04','2012-08-28 03:55:04',''),(82,'Support Nate',73,NULL,'2012-08-28 03:55:04','2012-08-28 03:55:04',''),(83,'Support Brett',74,NULL,'2012-08-28 03:55:04','2012-08-28 03:55:04',''),(84,'Clothes',75,NULL,'2012-08-28 03:55:04','2012-08-28 03:55:04',''),(85,'Groceries',76,NULL,'2012-08-28 03:55:04','2012-08-28 03:55:04',''),(86,'Groceries',77,NULL,'2012-08-28 03:55:04','2012-08-28 03:55:04',''),(87,'SSM',78,NULL,'2012-08-28 03:55:04','2012-08-28 03:55:04',''),(88,'Groceries',79,NULL,'2012-08-28 03:55:04','2012-08-28 03:55:04',''),(89,'Clothes',80,NULL,'2012-08-28 03:55:04','2012-08-28 03:55:04',''),(90,'Day care',81,NULL,'2012-08-28 03:55:04','2012-08-28 03:55:04','Includes a 5 dollar late fee'),(91,'Day care',82,NULL,'2012-08-28 03:55:04','2012-08-28 03:55:04',''),(92,'Mortgage',83,NULL,'2012-08-28 03:55:04','2012-08-28 03:55:04',''),(93,'Groceries',84,NULL,'2012-08-28 03:55:04','2012-08-28 03:55:04',''),(94,'Groceries',241,NULL,'2012-08-28 03:55:04','2012-08-28 03:55:04',''),(95,'Groceries',242,NULL,'2012-08-28 03:55:04','2012-08-28 03:55:04',''),(96,'Dining out',243,NULL,'2012-08-28 03:55:04','2012-08-28 03:55:04','Me and George went out to eat'),(97,'Groceries',244,NULL,'2012-08-28 03:55:04','2012-08-28 03:55:04',''),(98,'Dining out',245,NULL,'2012-08-28 03:55:04','2012-08-28 03:55:04',''),(99,'Groceries',246,NULL,'2012-08-28 03:55:04','2012-08-28 03:55:04',''),(100,'Dining out',247,NULL,'2012-08-28 03:55:04','2012-08-28 03:55:04','Got lunch with mom when she came in town to visit'),(101,'Books',248,NULL,'2012-08-28 03:55:04','2012-08-28 03:55:04',''),(102,'Coffee',249,NULL,'2012-08-28 03:55:04','2012-08-28 03:55:04',''),(103,'Gas',250,NULL,'2012-08-28 03:55:04','2012-08-28 03:55:04',''),(104,'Arts and Crafts',251,NULL,'2012-08-28 03:55:04','2012-08-28 03:55:04',''),(105,'Dining out',252,NULL,'2012-08-28 03:55:04','2012-08-28 03:55:04',''),(106,'Dining Out',254,NULL,'2012-08-28 03:55:04','2012-08-28 03:55:04',''),(107,'Groceries',256,NULL,'2012-08-28 03:55:04','2012-08-28 03:55:04',''),(108,'Credit card payment',253,NULL,'2012-08-28 03:55:04','2012-08-28 03:55:04',''),(109,'Gym',255,NULL,'2012-08-28 03:55:04','2012-08-28 03:55:04',''),(110,'Gas',258,NULL,'2012-08-28 03:55:05','2012-08-28 03:55:05',''),(111,'Gas',259,NULL,'2012-08-28 03:55:05','2012-08-28 03:55:05',''),(112,'Gas',260,NULL,'2012-08-28 03:55:05','2012-08-28 03:55:05',''),(113,'Clothes',262,NULL,'2012-08-28 03:55:05','2012-08-28 03:55:05',''),(114,'Dining out',261,NULL,'2012-08-28 03:55:05','2012-08-28 03:55:05',''),(115,'Groceries',263,NULL,'2012-08-28 03:55:05','2012-08-28 03:55:05',''),(116,'Gas',264,NULL,'2012-08-28 03:55:05','2012-08-28 03:55:05',''),(117,'Dining Out',265,NULL,'2012-08-28 03:55:05','2012-08-28 03:55:05',''),(118,'Coffee',266,NULL,'2012-08-28 03:55:05','2012-08-28 03:55:05',''),(119,'Cash back rewards',267,NULL,'2012-08-28 03:55:05','2012-08-28 03:55:05',''),(120,'Dining out',269,NULL,'2012-08-28 03:55:05','2012-08-28 03:55:05',''),(121,'Books',270,NULL,'2012-08-28 03:55:05','2012-08-28 03:55:05',''),(122,'Car emissions test',271,NULL,'2012-08-28 03:55:05','2012-08-28 03:55:05',''),(123,'Car emissions test',272,NULL,'2012-08-28 03:55:05','2012-08-28 03:55:05',''),(124,'Groceries',273,NULL,'2012-08-28 03:55:05','2012-08-28 03:55:05',''),(125,'Groceries',274,NULL,'2012-08-28 03:55:05','2012-08-28 03:55:05',''),(126,'Gas',276,NULL,'2012-08-28 03:55:05','2012-08-28 03:55:05',''),(127,'Cell phone',275,NULL,'2012-08-28 03:55:05','2012-08-28 03:55:05',''),(128,'Coffee',277,NULL,'2012-08-28 03:55:05','2012-08-28 03:55:05',''),(129,'Clothes',278,NULL,'2012-08-28 03:55:05','2012-08-28 03:55:05',''),(130,'Dining Out',279,NULL,'2012-08-28 03:55:05','2012-08-28 03:55:05',''),(131,'Gas',280,NULL,'2012-08-28 03:55:05','2012-08-28 03:55:05',''),(132,'Groceries',282,NULL,'2012-08-28 03:55:05','2012-08-28 03:55:05',''),(133,'VE',85,NULL,'2012-08-28 03:55:05','2012-08-28 03:55:05',''),(134,'SSM',86,NULL,'2012-08-28 03:55:05','2012-08-28 03:55:05',''),(135,'Groceries',283,NULL,'2012-08-28 03:55:05','2012-08-28 03:55:05',''),(136,'Day care',87,NULL,'2012-08-28 03:55:05','2012-08-28 03:55:05',''),(137,'Clothes',88,NULL,'2012-08-28 03:55:05','2012-08-28 03:55:05',''),(138,'Dining out',284,NULL,'2012-08-28 03:55:05','2012-08-28 03:55:05',''),(139,'Clothes',286,NULL,'2012-08-28 03:55:05','2012-08-28 03:55:05',''),(140,'Electric',89,NULL,'2012-08-28 03:55:05','2012-08-28 03:55:05',''),(141,'Groceries',90,NULL,'2012-08-28 03:55:05','2012-08-28 03:55:05',''),(142,'Parking',288,NULL,'2012-08-28 03:55:05','2012-08-28 03:55:05',''),(143,'Vacation',290,NULL,'2012-08-28 03:55:05','2012-08-28 03:55:05','Stayed at a B&B with Megan'),(144,'Vacation',289,NULL,'2012-08-28 03:55:05','2012-08-28 03:55:05','Stayed at a B&B with Megan'),(145,'Clothes',91,NULL,'2012-08-28 03:55:05','2012-08-28 03:55:05',''),(146,'Vacation',291,NULL,'2012-08-28 03:55:05','2012-08-28 03:55:05','Stayed at a bed and breakfast with Megan'),(147,'Gym',292,NULL,'2012-08-28 03:55:05','2012-08-28 03:55:05',''),(148,'Credit card payment',92,NULL,'2012-08-28 03:55:05','2012-08-28 03:55:05',''),(149,'Tithe',93,NULL,'2012-08-28 03:55:05','2012-08-28 03:55:05',''),(150,'Day care',94,NULL,'2012-08-28 03:55:05','2012-08-28 03:55:05',''),(151,'Credit card payment',293,NULL,'2012-08-28 03:55:05','2012-08-28 03:55:05',''),(152,'Dining out',294,NULL,'2012-08-28 03:55:05','2012-08-28 03:55:05','Megan took Amy and Bill out to eat'),(153,'Gas',295,NULL,'2012-08-28 03:55:05','2012-08-28 03:55:05',''),(154,'Clothes',298,NULL,'2012-08-28 03:55:05','2012-08-28 03:55:05',''),(155,'Dining out',296,NULL,'2012-08-28 03:55:05','2012-08-28 03:55:05',''),(156,'Groceries',297,NULL,'2012-08-28 03:55:05','2012-08-28 03:55:05',''),(157,'Groceries',299,NULL,'2012-08-28 03:55:05','2012-08-28 03:55:05',''),(158,'Dining out',300,NULL,'2012-08-28 03:55:05','2012-08-28 03:55:05',''),(159,'SSM',95,NULL,'2012-08-28 03:55:05','2012-08-28 03:55:05',''),(160,'Water',96,NULL,'2012-08-28 03:55:05','2012-08-28 03:55:05',''),(161,'Household supplies',301,NULL,'2012-08-28 03:55:05','2012-08-28 03:55:05',''),(162,'Groceries',97,NULL,'2012-08-28 03:55:05','2012-08-28 03:55:05',''),(163,'Cash withdrawl',98,NULL,'2012-08-28 03:55:05','2012-08-28 03:55:05',''),(164,'Day care',99,NULL,'2012-08-28 03:55:05','2012-08-28 03:55:05',''),(165,'Support Nate',100,NULL,'2012-08-28 03:55:05','2012-08-28 03:55:05',''),(166,'Support Brett',101,NULL,'2012-08-28 03:55:05','2012-08-28 03:55:05',''),(167,'Groceries',102,NULL,'2012-08-28 03:55:05','2012-08-28 03:55:05',''),(168,'Gas',303,NULL,'2012-08-28 03:55:05','2012-08-28 03:55:05',''),(169,'Swimming class',305,NULL,'2012-08-28 03:55:05','2012-08-28 03:55:05','Judy paid us back for this'),(170,'Groceries',306,NULL,'2012-08-28 03:55:05','2012-08-28 03:55:05',''),(171,'Clothes',103,NULL,'2012-08-28 03:55:05','2012-08-28 03:55:05',''),(172,'Dining out',308,NULL,'2012-08-28 03:55:05','2012-08-28 03:55:05','Got some ice cream'),(173,'Day care',104,NULL,'2012-08-28 03:55:05','2012-08-28 03:55:05',''),(174,'Sewer',105,NULL,'2012-08-28 03:55:05','2012-08-28 03:55:05',''),(175,'Household supplies',309,NULL,'2012-08-28 03:55:05','2012-08-28 03:55:05',''),(176,'Gas',310,NULL,'2012-08-28 03:55:05','2012-08-28 03:55:05',''),(177,'Dining out',311,NULL,'2012-08-28 03:55:05','2012-08-28 03:55:05',''),(178,'Groceries',106,NULL,'2012-08-28 03:55:05','2012-08-28 03:55:05',''),(179,'Household supplies',107,NULL,'2012-08-28 03:55:05','2012-08-28 03:55:05',''),(180,'Airline tickets',312,NULL,'2012-08-28 03:55:05','2012-09-01 13:33:33',''),(181,'Dining out',313,NULL,'2012-08-28 03:55:05','2012-08-28 03:55:05',''),(182,'Airline tickets',314,NULL,'2012-08-28 03:55:05','2012-08-28 03:55:05','Tickets to go see Amy and Keith in Road Island'),(183,'Dining Out',315,NULL,'2012-08-28 03:55:05','2012-08-28 03:55:05',''),(184,'Coffee',318,NULL,'2012-08-28 03:55:05','2012-08-28 03:55:05',''),(185,'Airline tickets',319,NULL,'2012-08-28 03:55:05','2012-08-28 03:55:05','Tickets to go see Amy and Keith in Road Island'),(186,'Cell phone',320,NULL,'2012-08-28 03:55:05','2012-08-28 03:55:05',''),(187,'Airline tickets',321,NULL,'2012-08-28 03:55:05','2012-08-28 03:55:05','Tickets to go see Amy and Keith in Road Island'),(188,'SSM',108,NULL,'2012-08-28 03:55:05','2012-08-28 03:55:05',''),(189,'Mortgage',109,NULL,'2012-08-28 03:55:05','2012-08-28 03:55:05',''),(190,'Natural Gas',110,NULL,'2012-08-28 03:55:05','2012-08-28 03:55:05',''),(191,'Clothes',111,NULL,'2012-08-28 03:55:05','2012-08-28 03:55:05',''),(192,'Household supplies',322,NULL,'2012-08-28 03:55:05','2012-08-28 03:55:05',''),(193,'Birthday gift',323,NULL,'2012-08-28 03:55:05','2012-08-28 03:55:05','Birthday gift to Keith'),(194,'Dining out',324,NULL,'2012-08-28 03:55:05','2012-08-28 03:55:05',''),(195,'VE',112,NULL,'2012-08-28 03:55:05','2012-08-28 03:55:05',''),(196,'Day care',113,NULL,'2012-08-28 03:55:05','2012-08-28 03:55:05',''),(197,'Household supplies',114,NULL,'2012-08-28 03:55:05','2012-08-28 03:55:05',''),(198,'Dining out',325,NULL,'2012-08-28 03:55:05','2012-08-28 03:55:05',''),(199,'Dining Out',327,NULL,'2012-08-28 03:55:05','2012-08-28 03:55:05',''),(200,'Dining Out',328,NULL,'2012-08-28 03:55:05','2012-08-28 03:55:05',''),(201,'Gas',329,NULL,'2012-08-28 03:55:05','2012-08-28 03:55:05',''),(202,'Groceries',330,NULL,'2012-08-28 03:55:05','2012-08-28 03:55:05',''),(203,'Dining out',332,NULL,'2012-08-28 03:55:05','2012-08-28 03:55:05',''),(204,'Tithe',116,NULL,'2012-08-28 03:55:05','2012-08-28 03:55:05',''),(205,'Groceries',117,NULL,'2012-08-28 03:55:05','2012-08-28 03:55:05',''),(206,'Coffee',333,NULL,'2012-08-28 03:55:05','2012-08-28 03:55:05',''),(207,'Groceries',334,NULL,'2012-08-28 03:55:05','2012-08-28 03:55:05',''),(208,'Household supplies',337,NULL,'2012-08-28 03:55:05','2012-08-28 03:55:05','Buying easter candy?'),(209,'Day care',119,NULL,'2012-08-28 03:55:05','2012-08-28 03:55:05',''),(210,'Dining out',335,NULL,'2012-08-28 03:55:05','2012-08-28 03:55:05',''),(211,'Dining out',336,NULL,'2012-08-28 03:55:05','2012-08-28 03:55:05',''),(212,'Metrolink',338,NULL,'2012-08-28 03:55:05','2012-08-28 03:55:05','took George down to see the arch'),(213,'Gas',340,NULL,'2012-08-28 03:55:05','2012-08-28 03:55:05',''),(214,'Cash withdrawl',120,NULL,'2012-08-28 03:55:05','2012-08-28 03:55:05',''),(215,'Groceries',121,NULL,'2012-08-28 03:55:05','2012-08-28 03:55:05',''),(216,'Groceries',339,NULL,'2012-08-28 03:55:05','2012-08-28 03:55:05',''),(217,'Coffee',341,NULL,'2012-08-28 03:55:05','2012-08-28 03:55:05',''),(218,'Dining out',342,NULL,'2012-08-28 03:55:05','2012-08-28 03:55:05',''),(219,'SSM',122,NULL,'2012-08-28 03:55:05','2012-08-28 03:55:05',''),(220,'Electric',123,NULL,'2012-08-28 03:55:05','2012-08-28 03:55:05',''),(221,'Gym',343,NULL,'2012-08-28 03:55:05','2012-08-28 03:55:05',''),(222,'Household supplies',344,NULL,'2012-08-28 03:55:05','2012-08-28 03:55:05',''),(223,'Coffee',346,NULL,'2012-08-28 03:55:05','2012-08-28 03:55:05',''),(224,'Credit card payment',124,NULL,'2012-08-28 03:55:05','2012-08-28 03:55:05',''),(225,'Credit card payment',345,NULL,'2012-08-28 03:55:05','2012-08-28 03:55:05',''),(226,'Car insurance',347,NULL,'2012-08-28 03:55:05','2012-08-28 03:55:05','Toyota + Ford'),(227,'Groceries',125,NULL,'2012-08-28 03:55:05','2012-08-28 03:55:05',''),(228,'Gas',350,NULL,'2012-08-28 03:55:05','2012-08-28 03:55:05',''),(229,'Day care',127,NULL,'2012-08-28 03:55:05','2012-08-28 03:55:05',''),(230,'Day care',128,NULL,'2012-08-28 03:55:05','2012-08-28 03:55:05',''),(231,'Groceries',348,NULL,'2012-08-28 03:55:05','2012-08-28 03:55:05',''),(232,'Coffee',349,NULL,'2012-08-28 03:55:05','2012-08-28 03:55:05',''),(233,'Groceries',351,NULL,'2012-08-28 03:55:05','2012-08-28 03:55:05',''),(234,'Trash',129,NULL,'2012-08-28 03:55:05','2012-08-28 03:55:05',''),(235,'Household supplies',352,NULL,'2012-08-28 03:55:05','2012-08-28 03:55:05',''),(236,'Groceries',353,NULL,'2012-08-28 03:55:05','2012-08-28 03:55:05',''),(237,'Dining Out',354,NULL,'2012-08-28 03:55:05','2012-08-28 03:55:05',''),(238,'Dining out',355,NULL,'2012-08-28 03:55:05','2012-08-28 03:55:05',''),(239,'Dining out',356,NULL,'2012-08-28 03:55:05','2012-08-28 03:55:05',''),(240,'Support Nate',130,NULL,'2012-08-28 03:55:05','2012-08-28 03:55:05',''),(241,'Support Brett',131,NULL,'2012-08-28 03:55:05','2012-08-28 03:55:05',''),(242,'Coffee',357,NULL,'2012-08-28 03:55:05','2012-08-28 03:55:05',''),(243,'Groceries',358,NULL,'2012-08-28 03:55:05','2012-08-28 03:55:05',''),(244,'Groceries',359,NULL,'2012-08-28 03:55:05','2012-08-28 03:55:05',''),(245,'Dining Out',360,NULL,'2012-08-28 03:55:05','2012-08-28 03:55:05',''),(246,'Groceries',361,NULL,'2012-08-28 03:55:05','2012-08-28 03:55:05',''),(247,'money',132,NULL,'2012-08-28 03:55:05','2012-08-28 03:55:05',''),(248,'Natural Gas',133,NULL,'2012-08-28 03:55:05','2012-08-28 03:55:05',''),(249,'Clothes',134,NULL,'2012-08-28 03:55:05','2012-08-28 03:55:05',''),(250,'Sewer',135,NULL,'2012-08-28 03:55:05','2012-08-28 03:55:05',''),(251,'Transfer',136,NULL,'2012-08-28 03:55:05','2012-08-28 03:55:05',''),(252,'Household supplies',362,NULL,'2012-08-28 03:55:05','2012-08-28 03:55:05',''),(253,'Coffee',363,NULL,'2012-08-28 03:55:05','2012-08-28 03:55:05',''),(254,'Doctor Visit',365,NULL,'2012-08-28 03:55:05','2012-08-28 03:55:05','Megan\'s copay for having the baby'),(255,'Cell phone',364,NULL,'2012-08-28 03:55:05','2012-08-28 03:55:05',''),(256,'Groceries',366,NULL,'2012-08-28 03:55:05','2012-08-28 03:55:05',''),(257,'SSM',137,NULL,'2012-08-28 03:55:05','2012-08-28 03:55:05',''),(258,'Coffee',367,NULL,'2012-08-28 03:55:05','2012-08-28 03:55:05',''),(259,'Gas',368,NULL,'2012-08-28 03:55:05','2012-08-28 03:55:05',''),(260,'Groceries',369,NULL,'2012-08-28 03:55:05','2012-08-28 03:55:05',''),(261,'Mortgage',138,NULL,'2012-08-28 03:55:05','2012-08-28 03:55:05',''),(262,'Day care',139,NULL,'2012-08-28 03:55:05','2012-08-28 03:55:05',''),(263,'Clothes',141,NULL,'2012-08-28 03:55:05','2012-08-28 03:55:05',''),(264,'Gas',370,NULL,'2012-08-28 03:55:05','2012-08-28 03:55:05',''),(265,'Dining out',371,NULL,'2012-08-28 03:55:05','2012-08-28 03:55:05',''),(266,'VE',142,NULL,'2012-08-28 03:55:05','2012-08-28 03:55:05',''),(267,'Groceries',143,NULL,'2012-08-28 03:55:05','2012-08-28 03:55:05',''),(268,'Clothes',144,NULL,'2012-08-28 03:55:05','2012-08-28 03:55:05',''),(269,'Groceries',145,NULL,'2012-08-28 03:55:05','2012-08-28 03:55:05',''),(270,'Coffee',372,NULL,'2012-08-28 03:55:05','2012-08-28 03:55:05',''),(271,'Electric',146,NULL,'2012-08-28 03:55:05','2012-08-28 03:55:05',''),(272,'Day care',147,NULL,'2012-08-28 03:55:05','2012-08-28 03:55:05',''),(273,'Household supplies',148,NULL,'2012-08-28 03:55:05','2012-08-28 03:55:05',''),(274,'Credit card payment',149,NULL,'2012-08-28 03:55:05','2012-08-28 03:55:05',''),(275,'Household supplies',150,NULL,'2012-08-28 03:55:05','2012-08-28 03:55:05',''),(276,'Household supplies',151,NULL,'2012-08-28 03:55:05','2012-08-28 03:55:05',''),(277,'SSM',152,NULL,'2012-08-28 03:55:05','2012-08-28 03:55:05',''),(278,'Groceries',153,NULL,'2012-08-28 03:55:05','2012-08-28 03:55:05',''),(279,'Day care',154,NULL,'2012-08-28 03:55:05','2012-08-28 03:55:05',''),(280,'Support Nate',155,NULL,'2012-08-28 03:55:05','2012-08-28 03:55:05',''),(281,'Support Brett',156,NULL,'2012-08-28 03:55:05','2012-08-28 03:55:05',''),(282,'Tithe',157,NULL,'2012-08-28 03:55:05','2012-08-28 03:55:05',''),(283,'Day care',158,NULL,'2012-08-28 03:55:05','2012-08-28 03:55:05',''),(284,'Sewer',159,NULL,'2012-08-28 03:55:05','2012-08-28 03:55:05',''),(285,'Groceries',160,NULL,'2012-08-28 03:55:05','2012-08-28 03:55:05',''),(286,'SSM',161,NULL,'2012-08-28 03:55:05','2012-08-28 03:55:05',''),(287,'Natural Gas',162,NULL,'2012-08-28 03:55:05','2012-08-28 03:55:05',''),(288,'Day care',163,NULL,'2012-08-28 03:55:05','2012-08-28 03:55:05',''),(289,'Groceries',164,NULL,'2012-08-28 03:55:05','2012-08-28 03:55:05',''),(290,'Household supplies',165,NULL,'2012-08-28 03:55:05','2012-08-28 03:55:05',''),(291,'Mortgage',166,NULL,'2012-08-28 03:55:05','2012-08-28 03:55:05',''),(292,'VE',168,NULL,'2012-08-28 03:55:05','2012-08-28 03:55:05',''),(293,'Checks',169,NULL,'2012-08-28 03:55:05','2012-08-28 03:55:05','Ordered checks from the bank'),(294,'Groceries',170,NULL,'2012-08-28 03:55:05','2012-08-28 03:55:05',''),(295,'Day care',171,NULL,'2012-08-28 03:55:05','2012-08-28 03:55:05',''),(296,'Groceries',172,NULL,'2012-08-28 03:55:05','2012-08-28 03:55:05',''),(297,'Groceries',173,NULL,'2012-08-28 03:55:05','2012-08-28 03:55:05',''),(298,'Household supplies',174,NULL,'2012-08-28 03:55:05','2012-08-28 03:55:05',''),(299,'Electric',175,NULL,'2012-08-28 03:55:05','2012-08-28 03:55:05',''),(300,'Groceries',176,NULL,'2012-08-28 03:55:06','2012-08-28 03:55:06',''),(301,'SSM',177,NULL,'2012-08-28 03:55:06','2012-08-28 03:55:06',''),(302,'Day care',178,NULL,'2012-08-28 03:55:06','2012-08-28 03:55:06',''),(303,'Clothes',179,NULL,'2012-08-28 03:55:06','2012-08-28 03:55:06',''),(304,'Groceries',180,NULL,'2012-08-28 03:55:06','2012-08-28 03:55:06',''),(305,'money',181,NULL,'2012-08-28 03:55:06','2012-08-28 03:55:06',''),(306,'Water',182,NULL,'2012-08-28 03:55:06','2012-08-28 03:55:06',''),(307,'Support Nate',184,NULL,'2012-08-28 03:55:06','2012-08-28 03:55:06',''),(308,'Support Brett',185,NULL,'2012-08-28 03:55:06','2012-08-28 03:55:06',''),(309,'Clothes',186,NULL,'2012-08-28 03:55:06','2012-08-28 03:55:06',''),(310,'SSM',187,NULL,'2012-08-28 03:55:06','2012-08-28 03:55:06',''),(311,'Household supplies',189,NULL,'2012-08-28 03:55:06','2012-08-28 03:55:06',''),(312,'Credit card payment',190,NULL,'2012-08-28 03:55:06','2012-08-28 03:55:06',''),(313,'Day care',191,NULL,'2012-08-28 03:55:06','2012-08-28 03:55:06',''),(314,'Natural Gas',192,NULL,'2012-08-28 03:55:06','2012-08-28 03:55:06',''),(315,'Groceries',193,NULL,'2012-08-28 03:55:06','2012-08-28 03:55:06',''),(316,'Mortgage',194,NULL,'2012-08-28 03:55:06','2012-08-28 03:55:06',''),(317,'Electric',195,NULL,'2012-08-28 03:55:06','2012-08-28 03:55:06',''),(318,'Household supplies',196,NULL,'2012-08-28 03:55:06','2012-08-28 03:55:06',''),(319,'Household supplies',197,NULL,'2012-08-28 03:55:06','2012-08-28 03:55:06',''),(320,'VE',198,NULL,'2012-08-28 03:55:06','2012-08-28 03:55:06',''),(321,'Sewer',199,NULL,'2012-08-28 03:55:06','2012-08-28 03:55:06',''),(322,'Day care',200,NULL,'2012-08-28 03:55:06','2012-08-28 03:55:06',''),(323,'Groceries',201,NULL,'2012-08-28 03:55:06','2012-08-28 03:55:06',''),(324,'Groceries',202,NULL,'2012-08-28 03:55:06','2012-08-28 03:55:06',''),(325,'Clothes',203,NULL,'2012-08-28 03:55:06','2012-08-28 03:55:06',''),(326,'SSM',204,NULL,'2012-08-28 03:55:06','2012-08-28 03:55:06',''),(327,'Day care',205,NULL,'2012-08-28 03:55:06','2012-08-28 03:55:06',''),(328,'Groceries',206,NULL,'2012-08-28 03:55:06','2012-08-28 03:55:06',''),(329,'Credit card payment',207,NULL,'2012-08-28 03:55:06','2012-08-28 03:55:06',''),(330,'Day care',208,NULL,'2012-08-28 03:55:06','2012-08-28 03:55:06',''),(331,'Support Nate',209,NULL,'2012-08-28 03:55:06','2012-08-28 03:55:06',''),(332,'Support Brett',210,NULL,'2012-08-28 03:55:06','2012-08-28 03:55:06',''),(333,'SSM',211,NULL,'2012-08-28 03:55:06','2012-08-28 03:55:06',''),(334,'Clothes',212,NULL,'2012-08-28 03:55:06','2012-08-28 03:55:06',''),(335,'Groceries',214,NULL,'2012-08-28 03:55:06','2012-08-28 03:55:06',''),(336,'Mortgage',215,NULL,'2012-08-28 03:55:06','2012-08-28 03:55:06',''),(337,'Natural Gas',216,NULL,'2012-08-28 03:55:06','2012-08-28 03:55:06',''),(338,'Trash',218,NULL,'2012-08-28 03:55:06','2012-08-28 03:55:06',''),(339,'VE',219,NULL,'2012-08-28 03:55:06','2012-08-28 03:55:06',''),(340,'Electric',221,NULL,'2012-08-28 03:55:06','2012-08-28 03:55:06',''),(341,'Sewer',222,NULL,'2012-08-28 03:55:06','2012-08-28 03:55:06',''),(342,'SSM',223,NULL,'2012-08-28 03:55:06','2012-08-28 03:55:06',''),(343,'Credit card payment',226,NULL,'2012-08-28 03:55:06','2012-08-28 03:55:06',''),(344,'Household supplies',227,NULL,'2012-08-28 03:55:06','2012-08-28 03:55:06',''),(345,'Groceries',228,NULL,'2012-08-28 03:55:06','2012-08-28 03:55:06',''),(346,'Clothes',229,NULL,'2012-08-28 03:55:06','2012-08-28 03:55:06',''),(347,'Transfer from HSBC',230,NULL,'2012-08-28 03:55:06','2012-08-28 03:55:06',''),(348,'Support Nate',231,NULL,'2012-08-28 03:55:06','2012-08-28 03:55:06',''),(349,'Support Brett',232,NULL,'2012-08-28 03:55:06','2012-08-28 03:55:06',''),(350,'Clothes',234,NULL,'2012-08-28 03:55:06','2012-08-28 03:55:06',''),(351,'Groceries',235,NULL,'2012-08-28 03:55:06','2012-08-28 03:55:06',''),(352,'Household supplies',268,NULL,'2012-08-28 03:58:46','2012-08-28 03:58:46',''),(353,'Household supplies',281,NULL,'2012-08-28 03:58:46','2012-08-28 03:58:46',''),(354,'Household supplies',285,NULL,'2012-08-28 03:58:46','2012-08-28 03:58:46',''),(355,'Household supplies',304,NULL,'2012-08-28 03:58:46','2012-08-28 03:58:46',''),(356,'Household supplies',307,NULL,'2012-08-28 03:58:46','2012-08-28 03:58:46',''),(357,'Transfer',115,NULL,'2012-08-28 03:58:46','2012-08-28 03:58:46',''),(358,'Cash withdrawl',224,NULL,'2012-08-28 03:58:46','2012-08-28 03:58:46',''),(359,'Gas',390,NULL,'2012-09-01 06:38:14','2012-09-01 06:38:14',''),(360,'Groceries',391,NULL,'2012-09-01 06:38:14','2012-09-01 06:38:14',''),(361,'Car maintenance',392,NULL,'2012-09-01 06:38:14','2012-09-01 06:38:14',''),(362,'Groceries',373,NULL,'2012-09-01 06:38:14','2012-09-01 06:38:14',''),(363,'Sewer',374,NULL,'2012-09-01 06:38:14','2012-09-01 06:38:14',''),(364,'Dining out',394,NULL,'2012-09-01 06:38:14','2012-09-01 06:38:14',''),(365,'Day care',375,NULL,'2012-09-01 06:38:14','2012-09-01 06:38:14',''),(366,'Natural Gas',376,NULL,'2012-09-01 06:38:14','2012-09-01 06:38:14',''),(367,'Cell phone',393,NULL,'2012-09-01 06:38:14','2012-09-01 06:38:14',''),(368,'Dining out',395,NULL,'2012-09-01 06:38:14','2012-09-01 06:38:14',''),(369,'Household supplies',377,NULL,'2012-09-01 06:38:14','2012-09-01 06:38:14',''),(370,'Groceries',378,NULL,'2012-09-01 06:38:14','2012-09-01 06:38:14',''),(371,'Household Supplies',379,NULL,'2012-09-01 06:38:14','2012-09-01 06:38:14',''),(372,'SSM',380,NULL,'2012-09-01 06:38:14','2012-09-01 06:38:14',''),(373,'Electric',381,NULL,'2012-09-01 06:38:14','2012-09-01 06:38:14',''),(374,'Clothes',382,NULL,'2012-09-01 06:38:14','2012-09-01 06:38:14',''),(375,'Groceries',383,NULL,'2012-09-01 06:38:14','2012-09-01 06:38:14',''),(376,'Transfer from HSBC',384,NULL,'2012-09-01 06:38:14','2012-09-01 06:38:14',''),(377,'Day care',385,NULL,'2012-09-01 06:38:14','2012-09-01 06:38:14',''),(378,'Household supplies',386,NULL,'2012-09-01 06:38:14','2012-09-01 06:38:14',''),(379,'Groceries',387,NULL,'2012-09-01 06:38:14','2012-09-01 06:38:14',''),(380,'Metrolink',388,NULL,'2012-09-01 06:38:14','2012-09-01 06:38:14',''),(381,'Groceries',389,NULL,'2012-09-01 06:38:14','2012-09-01 06:38:14',''),(382,'Mortgage',233,NULL,'2012-09-01 06:38:15','2012-09-01 06:38:15','');
/*!40000 ALTER TABLE `meta` ENABLE KEYS */;
UNLOCK TABLES;

--
-- Table structure for table `schema_migrations`
--

DROP TABLE IF EXISTS `schema_migrations`;
/*!40101 SET @saved_cs_client     = @@character_set_client */;
/*!40101 SET character_set_client = utf8 */;
CREATE TABLE `schema_migrations` (
  `version` varchar(255) COLLATE utf8_unicode_ci NOT NULL,
  UNIQUE KEY `unique_schema_migrations` (`version`)
) ENGINE=InnoDB DEFAULT CHARSET=utf8 COLLATE=utf8_unicode_ci;
/*!40101 SET character_set_client = @saved_cs_client */;

--
-- Dumping data for table `schema_migrations`
--

LOCK TABLES `schema_migrations` WRITE;
/*!40000 ALTER TABLE `schema_migrations` DISABLE KEYS */;
INSERT INTO `schema_migrations` VALUES ('20120822021030'),('20120825045203'),('20120825193907'),('20120825203713'),('20120826013748'),('20120826015120'),('20120826015515'),('20120826052313'),('20120826063911'),('20120901193206');
/*!40000 ALTER TABLE `schema_migrations` ENABLE KEYS */;
UNLOCK TABLES;

--
-- Table structure for table `transactions`
--

DROP TABLE IF EXISTS `transactions`;
/*!40101 SET @saved_cs_client     = @@character_set_client */;
/*!40101 SET character_set_client = utf8 */;
CREATE TABLE `transactions` (
  `id` int(11) NOT NULL AUTO_INCREMENT,
  `date` datetime DEFAULT NULL,
  `check_number` varchar(255) COLLATE utf8_unicode_ci DEFAULT NULL,
  `description` varchar(255) COLLATE utf8_unicode_ci DEFAULT NULL,
  `description_clean` varchar(255) COLLATE utf8_unicode_ci DEFAULT NULL,
  `debit` float DEFAULT NULL,
  `credit` float DEFAULT NULL,
  `sha1_digest` varchar(255) COLLATE utf8_unicode_ci DEFAULT NULL,
  `created_at` datetime NOT NULL,
  `updated_at` datetime NOT NULL,
  `bank_id` int(11) DEFAULT NULL,
  `trans_date` datetime DEFAULT NULL,
  `trans_type` varchar(255) COLLATE utf8_unicode_ci DEFAULT NULL,
  PRIMARY KEY (`id`)
) ENGINE=InnoDB AUTO_INCREMENT=396 DEFAULT CHARSET=utf8 COLLATE=utf8_unicode_ci;
/*!40101 SET character_set_client = @saved_cs_client */;

--
-- Dumping data for table `transactions`
--

LOCK TABLES `transactions` WRITE;
/*!40000 ALTER TABLE `transactions` DISABLE KEYS */;
INSERT INTO `transactions` VALUES (1,'2012-07-31 00:00:00','','SAMSCLUB #4741   4850','SAMSCLUB ',74.29,NULL,'651e68d0b5e92f3bff8275078dad3f24d949da56','2012-08-25 20:49:16','2012-08-26 05:33:57',1,NULL,NULL),(2,'2012-07-31 00:00:00','','EB TO LACLEDE GAS','EB TO LACLEDE GAS',32.02,NULL,'ad64924dca5b8f0a66540bf8c8cac469d1d3ac36','2012-08-25 20:49:16','2012-08-26 05:33:57',1,NULL,NULL),(3,'2012-07-31 00:00:00','','EB TO Metropolitan','EB TO Metropolitan',28.97,NULL,'2691e838faaa7ffae46a2e8d8ef5d36b79aadfde','2012-08-25 20:49:16','2012-08-26 05:33:57',1,NULL,NULL),(4,'2012-07-30 00:00:00','','Payroll          PAY','Payroll PAY',NULL,3781.32,'1dc6da832dd526993d1578268499ef634f5e7f92','2012-08-25 20:49:16','2012-08-26 05:33:57',1,NULL,NULL),(5,'2012-07-30 00:00:00','','TARGET DEBIT CRD ACH TRAN','TARGET DEBIT CRD ACH TRAN',20.85,NULL,'76e6b2ab0c2c59be6add4dd2d0df8574b998f190','2012-08-25 20:49:16','2012-08-26 05:33:57',1,NULL,NULL),(6,'2012-07-27 00:00:00','','SSM ST. MARY\'S H PAYRLL DEP','SSM ST MARYS H PAYRLL DEP',NULL,798.99,'e1c247191200919110031e0ceef674e3e152bcd1','2012-08-25 20:49:16','2012-08-26 05:33:57',1,NULL,NULL),(7,'2012-07-23 00:00:00','','EB TO AMEREN UE','EB TO AMEREN UE',137.12,NULL,'2bbdaa326a7fb454f21ba305ce78787b626160b9','2012-08-25 20:49:16','2012-08-26 05:33:57',1,NULL,NULL),(8,'2012-07-19 00:00:00','','CHASE            EPAY','CHASE EPAY',2139.67,NULL,'770d3314dd6beaee9c5f56d89c4240bc98549d64','2012-08-25 20:49:16','2012-08-26 05:33:57',1,NULL,NULL),(9,'2012-07-19 00:00:00','','TARGET DEBIT CRD ACH TRAN','TARGET DEBIT CRD ACH TRAN',40.49,NULL,'dfbe7384892866b83280a60bd1332d0307fdde36','2012-08-25 20:49:16','2012-08-26 05:33:57',1,NULL,NULL),(10,'2012-07-18 00:00:00','1194','CHECK #1194','CHECK ',157,NULL,'86aa5f46ee2fb44eaa2703672134d3e457292639','2012-08-25 20:49:16','2012-08-26 05:33:57',1,NULL,NULL),(11,'2012-07-16 00:00:00','','SAMSCLUB #6474   4850','SAMSCLUB ',19.3,NULL,'80d2327742380398e6ac3afed96d22b82055539e','2012-08-25 20:49:16','2012-08-26 05:33:57',1,NULL,NULL),(12,'2012-07-16 00:00:00','','ALDI 41047       4850','ALDI ',18.63,NULL,'47e1711cdc211d56660c26dace66f6d0f66bcd19','2012-08-25 20:49:16','2012-08-26 05:33:57',1,NULL,NULL),(13,'2012-07-13 00:00:00','','DEPOSIT','DEPOSIT',NULL,250,'226e73106577bac43b3885951c3b06fb62a2b686','2012-08-25 20:49:16','2012-08-26 05:33:57',1,NULL,NULL),(14,'2012-07-13 00:00:00','','SSM ST. MARY\'S H PAYRLL DEP','SSM ST MARYS H PAYRLL DEP',NULL,755.88,'82791c69af3326a0464af9036115a117ceb14185','2012-08-25 20:49:16','2012-08-26 05:33:57',1,NULL,NULL),(15,'2012-07-13 00:00:00','1193','CHECK #1193','CHECK ',157,NULL,'317c988ea3c8459b3b07a99ca41abf73c771b203','2012-08-25 20:49:16','2012-08-26 05:33:57',1,NULL,NULL),(16,'2012-07-13 00:00:00','1192','CHECK #1192','CHECK ',157,NULL,'9108a51b31bdca060e8752e0f52078b414c17415','2012-08-25 20:49:16','2012-08-26 05:33:57',1,NULL,NULL),(17,'2012-07-11 00:00:00','','Campus Outreach  AUTOPAYMNT','Campus Outreach AUTOPAYMNT',125,NULL,'8f008561eaf1b7447cba96f10bfb7261fcdd5bb1','2012-08-25 20:49:16','2012-08-26 05:33:57',1,NULL,NULL),(18,'2012-07-11 00:00:00','','Campus Outreach  AUTOPAYMNT','Campus Outreach AUTOPAYMNT',60,NULL,'9622b88253e6e5f50cb27fd0eb9ea0d7b7e1912e','2012-08-25 20:49:16','2012-08-26 05:33:57',1,NULL,NULL),(19,'2012-07-11 00:00:00','','ALDI 41047       4850','ALDI ',27.82,NULL,'22ef6e98a98cbafe3e8d749564ba95effbdf5012','2012-08-25 20:49:16','2012-08-26 05:33:57',1,NULL,NULL),(20,'2012-07-10 00:00:00','','DEPOSIT','DEPOSIT',NULL,104.95,'79a72710f9a4d4dd5d57455e84ccb8c3c6e99359','2012-08-25 20:49:16','2012-08-26 05:33:57',1,NULL,NULL),(21,'2012-07-10 00:00:00','','TARGET DEBIT CRD ACH TRAN','TARGET DEBIT CRD ACH TRAN',34.15,NULL,'0b1624b7f6a9289830d08c5fd2e87e41f77a99d2','2012-08-25 20:49:16','2012-08-26 05:33:57',1,NULL,NULL),(22,'2012-07-09 00:00:00','','MO DEPT REVENUE  6914','MO DEPT REVENUE ',98.9,NULL,'0b500b2576e8f99c4a556b591f72b70c22e968bb','2012-08-25 20:49:16','2012-08-26 05:33:57',1,NULL,NULL),(23,'2012-07-09 00:00:00','','MO DEPT REVENUE  4850','MO DEPT REVENUE ',23,NULL,'df8d8cdd0f4dcbec0217506f511bb734a5054842','2012-08-25 20:49:16','2012-08-26 05:33:57',1,NULL,NULL),(24,'2012-07-09 00:00:00','','MO DEPT REVENUE  6914','MO DEPT REVENUE ',21,NULL,'cf17fff26a5797636e3975ed29adb170dab18d02','2012-08-25 20:49:16','2012-08-26 05:33:57',1,NULL,NULL),(25,'2012-07-06 00:00:00','','DEPOSIT','DEPOSIT',NULL,65,'d7e14de7b65a9dc81b0041b35a81a50eec8551e0','2012-08-25 20:49:16','2012-08-26 05:33:57',1,NULL,NULL),(26,'2012-07-05 00:00:00','1191','CHECK #1191','CHECK ',157,NULL,'65a642424020ce85f3678c7ba519ee53893ef9fa','2012-08-25 20:49:16','2012-08-26 05:33:57',1,NULL,NULL),(27,'2012-07-05 00:00:00','','SAM S Club       4850','SAM S Club ',77.29,NULL,'ce42cb78efae53f2bdf7c380be363df3e70cd0f1','2012-08-25 20:49:16','2012-08-26 05:33:57',1,NULL,NULL),(28,'2012-07-05 00:00:00','','EB TO LACLEDE GAS','EB TO LACLEDE GAS',36.21,NULL,'61b56e472d201a622a069d025aa9f717162362ad','2012-08-25 20:49:16','2012-08-26 05:33:57',1,NULL,NULL),(29,'2012-07-05 00:00:00','','EB TO Metropolitan','EB TO Metropolitan',28.97,NULL,'bf226a86237acc413d7e1f747ece58155f4d2453','2012-08-25 20:49:16','2012-08-26 05:33:57',1,NULL,NULL),(30,'2012-07-03 00:00:00','','ALDI 41047       4850','ALDI ',17.08,NULL,'c7cb339faf15690d0e973d41bc64b00ff9cdcea5','2012-08-25 20:49:16','2012-08-26 05:33:57',1,NULL,NULL),(31,'2012-07-02 00:00:00','','EB TO FIRST NATIONA','EB TO FIRST NATIONA',950,NULL,'66079190af5db008d780822f81c16392a23132fa','2012-08-25 20:49:16','2012-08-26 05:33:57',1,NULL,NULL),(32,'2012-07-02 00:00:00','','EB TO Allied Waste','EB TO Allied Waste',64.52,NULL,'2902cca429fa9b4fe5aea513aaa9ca1a8812a207','2012-08-25 20:49:16','2012-08-26 05:33:57',1,NULL,NULL),(33,'2012-07-02 00:00:00','','ALDI 41047       6914','ALDI ',21.15,NULL,'b505785bc27436968d1c9bfd888614f04fa00c65','2012-08-25 20:49:16','2012-08-26 05:33:57',1,NULL,NULL),(34,'2012-08-20 00:00:00',NULL,'Amazon.com','Amazoncom',26.46,NULL,'4a317d270042abc4cc9eec41ea67d63b65828b6d','2012-08-25 20:49:31','2012-08-26 05:33:57',2,'2012-08-20 00:00:00','Sale'),(35,'2012-08-21 00:00:00',NULL,'AMAZON MKTPLACE PMTS','AMAZON MKTPLACE PMTS',9.76,NULL,'0d3543e079a4b09710391c7b459f7d2c2b9bf8b7','2012-08-25 20:49:31','2012-08-26 05:33:57',2,'2012-08-20 00:00:00','Sale'),(36,'2012-08-20 00:00:00',NULL,'REDBOX *DVD RENTAL','REDBOX DVD RENTAL',1.3,NULL,'4b4a54c1fee9ce219841a02303bf3a0d39b57e88','2012-08-25 20:49:31','2012-08-26 05:33:57',2,'2012-08-20 00:00:00','Sale'),(37,'2012-08-19 00:00:00',NULL,'AMAZON MKTPLACE PMTS','AMAZON MKTPLACE PMTS',5.99,NULL,'7945b399c2d751de49fd65ed20d5bd738eb3429e','2012-08-25 20:49:31','2012-08-26 05:33:57',2,'2012-08-19 00:00:00','Sale'),(38,'2012-08-20 00:00:00',NULL,'AMIS ITALIAN RESTAURANT','AMIS ITALIAN RESTAURANT',14.75,NULL,'fde1ca8b0e2f971189c87f33ba68b73569fd8daa','2012-08-25 20:49:31','2012-08-26 05:33:57',2,'2012-08-18 00:00:00','Sale'),(39,'2012-08-19 00:00:00',NULL,'SCHNUCK\'S MARKET #1','SCHNUCKS MARKET ',10.68,NULL,'157c65ad85c9023a993166e8b8624f617085c98b','2012-08-25 20:49:31','2012-08-26 05:33:57',2,'2012-08-18 00:00:00','Sale'),(40,'2012-08-19 00:00:00',NULL,'DIERBERG\'S WARWOOD','DIERBERGS WARWOOD',7.71,NULL,'66f0b6473b8fe86eca4b01dee56b99d4bb833e46','2012-08-25 20:49:31','2012-08-26 05:33:57',2,'2012-08-17 00:00:00','Sale'),(41,'2012-08-17 00:00:00',NULL,'SHOP\'N SAVE','SHOPN SAVE',48.17,NULL,'12caa6276298adb8bdf820a4529b86d3f12c6245','2012-08-25 20:49:31','2012-08-26 05:33:57',2,'2012-08-16 00:00:00','Sale'),(42,'2012-08-17 00:00:00',NULL,'CLUB FIT ROCKHLL','CLUB FIT ROCKHLL',21.83,NULL,'d909c8e14de22afbb6f45c49a117372d3a00a07f','2012-08-25 20:49:31','2012-08-26 05:33:57',2,'2012-08-16 00:00:00','Sale'),(43,'2012-08-15 00:00:00',NULL,'Payment - Thank You','Payment Thank You',NULL,926.91,'06f001157563d7e0e5a37d4cc1cf326a6b89a0a0','2012-08-25 20:49:31','2012-08-26 05:33:57',2,'2012-08-15 00:00:00','Payment'),(44,'2012-08-15 00:00:00',NULL,'WM SUPERCENTER#5150','WM SUPERCENTER',27.45,NULL,'6b760c5f1126d1855e954cf09377eee2c0fdff86','2012-08-25 20:49:31','2012-08-26 05:33:57',2,'2012-08-14 00:00:00','Sale'),(45,'2012-08-15 00:00:00',NULL,'STARBUCKS CORP00138115','STARBUCKS CORP',3.99,NULL,'1374c9f94f5c25311bba06ac6f7c34f2f8ee248a','2012-08-25 20:49:31','2012-08-26 05:33:57',2,'2012-08-13 00:00:00','Sale'),(46,'2012-08-13 00:00:00',NULL,'MAPLEWOOD FUEL MART 2','MAPLEWOOD FUEL MART ',39.24,NULL,'70d95ce9e93fa9aab767b3b353576b3e05d46009','2012-08-25 20:49:31','2012-08-26 05:33:57',2,'2012-08-12 00:00:00','Sale'),(47,'2012-08-13 00:00:00',NULL,'PANERA BREAD #787','PANERA BREAD ',10.87,NULL,'1efd3a1fefb42373a35228d58b1f0f5930fdcfb9','2012-08-25 20:49:31','2012-08-26 05:33:57',2,'2012-08-12 00:00:00','Sale'),(48,'2012-08-13 00:00:00',NULL,'REDBOX *DVD RENTAL','REDBOX DVD RENTAL',1.3,NULL,'c984824f901cd0e43fee48e75fb906424b68687e','2012-08-25 20:49:31','2012-08-26 05:33:57',2,'2012-08-11 00:00:00','Sale'),(49,'2012-08-12 00:00:00',NULL,'7-ELEVEN 27092','ELEVEN ',39.45,NULL,'3c762331c07fb2976f7dbded9f3b4a61771509c2','2012-08-25 20:49:31','2012-08-26 05:33:57',2,'2012-08-10 00:00:00','Sale'),(50,'2012-08-12 00:00:00',NULL,'DUNKIN #348277     Q35','DUNKIN Q',5.95,NULL,'e858da8d4ab14cf6294241127ffb3fcdffcac755','2012-08-25 20:49:31','2012-08-26 05:33:57',2,'2012-08-10 00:00:00','Sale'),(51,'2012-08-09 00:00:00',NULL,'SHOP\'N SAVE','SHOPN SAVE',18.81,NULL,'5e48c431c2942b3fb6375baf19c538ea5e1995c5','2012-08-25 20:49:31','2012-08-26 05:33:57',2,'2012-08-08 00:00:00','Sale'),(52,'2012-08-08 00:00:00',NULL,'DIERBERG\'S WARWOOD','DIERBERGS WARWOOD',5.74,NULL,'ffd3d7bafa21fecd51ad467be75f00c60509cf12','2012-08-25 20:49:31','2012-08-26 05:33:57',2,'2012-08-07 00:00:00','Sale'),(53,'2012-08-06 00:00:00',NULL,'STARBUCKS CORP00138115','STARBUCKS CORP',3.99,NULL,'4985c11d8eaec888a45a5403d1bce8bd9e96467c','2012-08-25 20:49:31','2012-08-26 05:33:57',2,'2012-08-05 00:00:00','Sale'),(54,'2012-08-05 00:00:00',NULL,'WM SUPERCENTER#5150','WM SUPERCENTER',95.62,NULL,'60a8f3db5d32b16f3892997bd91cb8bf113342e4','2012-08-25 20:49:31','2012-08-26 05:33:57',2,'2012-08-04 00:00:00','Sale'),(55,'2012-08-06 00:00:00',NULL,'BED BATH & BEYOND #219','BED BATH BEYOND ',26.25,NULL,'f110a3e3a02828e57a8e8b78d07d578d4143063d','2012-08-25 20:49:31','2012-08-26 05:33:57',2,'2012-08-04 00:00:00','Sale'),(56,'2012-08-05 00:00:00',NULL,'ONCE UPON A CHILD KI','ONCE UPON A CHILD KI',27.95,NULL,'a466c57e819faad120eb4a8df42c3d27fb45fcd0','2012-08-25 20:49:31','2012-08-26 05:33:57',2,'2012-08-03 00:00:00','Sale'),(57,'2012-08-05 00:00:00',NULL,'DES PERES 14 CINE','DES PERES CINE',21,NULL,'f7128e6b66ec0a462d24eb64465207e716c6e81c','2012-08-25 20:49:31','2012-08-26 05:33:57',2,'2012-08-03 00:00:00','Sale'),(58,'2012-08-05 00:00:00',NULL,'CHICK-FIL-A #02665','CHICKFILA ',13.1,NULL,'4c9ea263daff3f9669726ecf44b4f0423b06684f','2012-08-25 20:49:31','2012-08-26 05:33:57',2,'2012-08-03 00:00:00','Sale'),(59,'2012-08-05 00:00:00',NULL,'DUNKIN #348277     Q35','DUNKIN Q',2.05,NULL,'c2e08701e4191d80c39a335fb003cbe94969b4e3','2012-08-25 20:49:31','2012-08-26 05:33:57',2,'2012-08-02 00:00:00','Sale'),(60,'2012-08-01 00:00:00',NULL,'QT 626        06006266','QT ',37.25,NULL,'1d474dd915f8f9f7aa7d93735d724273a1a818ff','2012-08-25 20:49:31','2012-08-26 05:33:57',2,'2012-07-31 00:00:00','Sale'),(61,'2012-08-01 00:00:00',NULL,'DIERBERG\'S WARWOOD','DIERBERGS WARWOOD',52.04,NULL,'749fc7d2b3aa7de4a83358e71b3991fa32526524','2012-08-25 20:49:31','2012-08-26 05:33:57',2,'2012-07-31 00:00:00','Sale'),(62,'2012-07-30 00:00:00',NULL,'STUBHUB, INC','STUBHUB INC',146.25,NULL,'7637c5a1438dc92d25f666b15041df7c262569aa','2012-08-25 20:49:31','2012-08-26 05:33:57',2,'2012-07-29 00:00:00','Sale'),(63,'2012-07-30 00:00:00',NULL,'ATT*BILL PAYMENT','ATTBILL PAYMENT',108.76,NULL,'83dddfdfcb582393f9c458d55d6b121c52c78c68','2012-08-25 20:49:31','2012-08-26 05:33:57',2,'2012-07-29 00:00:00','Sale'),(64,'2012-07-31 00:00:00',NULL,'SCHNUCK\'S MARKET #2','SCHNUCKS MARKET ',9.64,NULL,'202e01531168763f51abc886ff161f0fe49fdba2','2012-08-25 20:49:31','2012-08-26 05:33:57',2,'2012-07-29 00:00:00','Sale'),(65,'2012-07-30 00:00:00',NULL,'STARBUCKS CORP00138115','STARBUCKS CORP',3.99,NULL,'210c0ad4a9dbd9e695ef5b70b5ef4fe165fbd7d2','2012-08-25 20:49:31','2012-08-26 05:33:57',2,'2012-07-29 00:00:00','Sale'),(66,'2012-07-29 00:00:00',NULL,'MAX FUEL #41','MAX FUEL ',29.09,NULL,'b1a30c64168e78624eab851d784b872c240b454b','2012-08-25 20:49:31','2012-08-26 05:33:57',2,'2012-07-27 00:00:00','Sale'),(67,'2012-07-29 00:00:00',NULL,'WILLOW POND RESTAURANT','WILLOW POND RESTAURANT',24.11,NULL,'1ee9af4ea81bc528dc0554fa7ddb10b6c29a2a5f','2012-08-25 20:49:31','2012-08-26 05:33:57',2,'2012-07-27 00:00:00','Sale'),(68,'2012-07-29 00:00:00',NULL,'MCDONALDS  F6842','MCDONALDS F',6.35,NULL,'b470b34c78c760bc97773a5f4da4fc74c140531c','2012-08-25 20:49:31','2012-08-26 05:33:57',2,'2012-07-26 00:00:00','Sale'),(69,'2012-07-29 00:00:00',NULL,'7-ELEVEN 27092','ELEVEN ',24.29,NULL,'d9818c4b99ed9ce59bd07b6b88042a7edc37bd32','2012-08-25 20:49:31','2012-08-26 05:33:57',2,'2012-07-26 00:00:00','Sale'),(70,'2012-07-29 00:00:00',NULL,'MCDONALDS  F6842','MCDONALDS F',1.29,NULL,'c28c8317f0d6ee9d36350d8f4307ff8c477a6084','2012-08-25 20:49:31','2012-08-26 05:33:57',2,'2012-07-26 00:00:00','Sale'),(71,'2012-08-16 00:00:00','','CHASE            EPAY','CHASE EPAY',926.91,NULL,'a0db0ba87eabb24e6af1e6bd5be9e415381522e1','2012-08-28 03:18:43','2012-08-28 03:18:43',1,NULL,NULL),(72,'2012-08-15 00:00:00','1197','CHECK #1197','CHECK ',157,NULL,'13254f4f02fcd0d32f028212d9e7fcb7d83f08ac','2012-08-28 03:18:43','2012-08-28 03:18:43',1,NULL,NULL),(73,'2012-08-13 00:00:00','','Campus Outreach  AUTOPAYMNT','Campus Outreach AUTOPAYMNT',125,NULL,'4a249c5d2472d1d6e886a4344c8aba3bb960ac25','2012-08-28 03:18:43','2012-08-28 03:18:43',1,NULL,NULL),(74,'2012-08-13 00:00:00','','Campus Outreach  AUTOPAYMNT','Campus Outreach AUTOPAYMNT',60,NULL,'3c07969e3651e0b16d43be721a5f2f5ad4818947','2012-08-28 03:18:43','2012-08-28 03:18:43',1,NULL,NULL),(75,'2012-08-13 00:00:00','','TARGET DEBIT CRD ACH TRAN','TARGET DEBIT CRD ACH TRAN',31.01,NULL,'f65e1c2be6aba75b8c209e30bcd5f5bfa39bd07c','2012-08-28 03:18:43','2012-08-28 03:18:43',1,NULL,NULL),(76,'2012-08-13 00:00:00','','ALDI 41047       6914','ALDI ',22.12,NULL,'4dbfa973e812c98db315a2d49db71250e8a3de3d','2012-08-28 03:18:43','2012-08-28 03:18:43',1,NULL,NULL),(77,'2012-08-13 00:00:00','','ALDI 41047       6914','ALDI ',18.09,NULL,'b26f3c7ead56e7662305c615c4f0895eab7b31e6','2012-08-28 03:18:43','2012-08-28 03:18:43',1,NULL,NULL),(78,'2012-08-10 00:00:00','','SSM ST. MARY\'S H PAYRLL DEP','SSM ST MARYS H PAYRLL DEP',NULL,730.6,'49860eee4433e0dc4f29c7d90a96bd8620eb5cfc','2012-08-28 03:18:43','2012-08-28 03:18:43',1,NULL,NULL),(79,'2012-08-08 00:00:00','','SAM S Club       4850','SAM S Club ',74.5,NULL,'7591b77ca90fe88c09deac675ba0bd9cba0efd20','2012-08-28 03:18:43','2012-08-28 03:18:43',1,NULL,NULL),(80,'2012-08-07 00:00:00','','TARGET DEBIT CRD ACH TRAN','TARGET DEBIT CRD ACH TRAN',49.14,NULL,'bb020fdb6ce2a2cc3ede5078af1c9935cc1176e0','2012-08-28 03:18:43','2012-08-28 03:18:43',1,NULL,NULL),(81,'2012-08-06 00:00:00','1195','CHECK #1195','CHECK ',162,NULL,'82dc75594fe5ee3a116c1e1fe3186f16fb3bbb24','2012-08-28 03:18:43','2012-08-28 03:18:43',1,NULL,NULL),(82,'2012-08-06 00:00:00','1196','CHECK #1196','CHECK ',157,NULL,'faefac6c17d3fe12d92046036e3c430ae614287f','2012-08-28 03:18:43','2012-08-28 03:18:43',1,NULL,NULL),(83,'2012-08-01 00:00:00','','EB TO FIRST NATIONA','EB TO FIRST NATIONA',950,NULL,'efc466aebf8fb0ba51a26e05faf9ca91525461e7','2012-08-28 03:18:43','2012-08-28 03:18:43',1,NULL,NULL),(84,'2012-08-01 00:00:00','','ALDI 41047       4850','ALDI ',6.7,NULL,'d86783edf4ec808f440e986510f5608534ac4b7f','2012-08-28 03:18:43','2012-08-28 03:18:43',1,NULL,NULL),(85,'2012-06-29 00:00:00','','Payroll          PAY','Payroll PAY',NULL,3424.59,'7e12678604ed69b6b4a966a1d981fe6a040bedb7','2012-08-28 03:18:43','2012-08-28 03:18:43',1,NULL,NULL),(86,'2012-06-29 00:00:00','','SSM ST. MARY\'S H PAYRLL DEP','SSM ST MARYS H PAYRLL DEP',NULL,949.51,'b906b66d96c91728c8ce92f6f48bd2d9140a1fe4','2012-08-28 03:18:43','2012-08-28 03:18:43',1,NULL,NULL),(87,'2012-06-28 00:00:00','1189','CHECK #1189','CHECK ',157,NULL,'7bae11c653daa528a29c8be6f09366037583d759','2012-08-28 03:18:43','2012-08-28 03:18:43',1,NULL,NULL),(88,'2012-06-28 00:00:00','','TARGET DEBIT CRD ACH TRAN','TARGET DEBIT CRD ACH TRAN',84.15,NULL,'6b7fb573fbf8bcf18ed3da82c08961e711f813ad','2012-08-28 03:18:43','2012-08-28 03:18:43',1,NULL,NULL),(89,'2012-06-25 00:00:00','','EB TO AMEREN UE','EB TO AMEREN UE',78.82,NULL,'98587157da44585ca5485fb696f96108a520c92f','2012-08-28 03:18:43','2012-08-28 03:18:43',1,NULL,NULL),(90,'2012-06-25 00:00:00','','ALDI 41047       4850','ALDI ',14.75,NULL,'c006e558310b55d27eb13010bc9345b65c17dcf4','2012-08-28 03:18:43','2012-08-28 03:18:43',1,NULL,NULL),(91,'2012-06-22 00:00:00','','TARGET DEBIT CRD ACH TRAN','TARGET DEBIT CRD ACH TRAN',46.71,NULL,'0fe0ab749b01e1f60953928e82a6c2c6bdee248e','2012-08-28 03:18:43','2012-08-28 03:18:43',1,NULL,NULL),(92,'2012-06-19 00:00:00','','CHASE            EPAY','CHASE EPAY',1570.81,NULL,'5f193026db2f2ec05a0b9f20f9896f7d9df32dad','2012-08-28 03:18:43','2012-08-28 03:18:43',1,NULL,NULL),(93,'2012-06-19 00:00:00','1188','CHECK #1188','CHECK ',500,NULL,'3d13eba5e4d8d03cc2bc5558774f92ded995831f','2012-08-28 03:18:43','2012-08-28 03:18:43',1,NULL,NULL),(94,'2012-06-19 00:00:00','1190','CHECK #1190','CHECK ',157,NULL,'462ff48111f91f88bc3ccfe7dd9e62aa77c88e3f','2012-08-28 03:18:43','2012-08-28 03:18:43',1,NULL,NULL),(95,'2012-06-15 00:00:00','','SSM ST. MARY\'S H PAYRLL DEP','SSM ST MARYS H PAYRLL DEP',NULL,884.45,'16d6d1737ca5480dd943ca5f3391207907bbb6a7','2012-08-28 03:18:43','2012-08-28 03:18:43',1,NULL,NULL),(96,'2012-06-15 00:00:00','','EB TO Missouri Amer','EB TO Missouri Amer',78.33,NULL,'21fb3b669101755e513e762d37a266a649a71bd4','2012-08-28 03:18:43','2012-08-28 03:18:43',1,NULL,NULL),(97,'2012-06-14 00:00:00','','SAMSCLUB #4741   4850','SAMSCLUB ',56.55,NULL,'7a32b5d89ec91e01f21b8df8ec9f9ca8e9c790c2','2012-08-28 03:18:43','2012-08-28 03:18:43',1,NULL,NULL),(98,'2012-06-13 00:00:00','','Regions         Glendale Offi','Regions Glendale Offi',80,NULL,'471ab1720e359c83d2d9c51f4b32bba6aee8e53a','2012-08-28 03:18:43','2012-08-28 03:18:43',1,NULL,NULL),(99,'2012-06-12 00:00:00','1187','CHECK #1187','CHECK ',157,NULL,'3415022a5505babd6a16a2f1dcc020cac3757348','2012-08-28 03:18:43','2012-08-28 03:18:43',1,NULL,NULL),(100,'2012-06-12 00:00:00','','Campus Outreach  AUTOPAYMNT','Campus Outreach AUTOPAYMNT',125,NULL,'9e13ff5c55966f1d38e8a9d41536315682dbd514','2012-08-28 03:18:43','2012-08-28 03:18:43',1,NULL,NULL),(101,'2012-06-12 00:00:00','','Campus Outreach  AUTOPAYMNT','Campus Outreach AUTOPAYMNT',60,NULL,'498fd090eddb6e5b9dbccf96a91b087453594f38','2012-08-28 03:18:43','2012-08-28 03:18:43',1,NULL,NULL),(102,'2012-06-11 00:00:00','','ALDI 41047       6914','ALDI ',20.61,NULL,'f097f351ac50f34aa37e9396df18a36e9bae890c','2012-08-28 03:18:43','2012-08-28 03:18:43',1,NULL,NULL),(103,'2012-06-08 00:00:00','','TARGET DEBIT CRD ACH TRAN','TARGET DEBIT CRD ACH TRAN',19.01,NULL,'ea1c0880b6d89dccc0b522b382d5567afec2e14f','2012-08-28 03:18:43','2012-08-28 03:18:43',1,NULL,NULL),(104,'2012-06-07 00:00:00','1186','CHECK #1186','CHECK ',157,NULL,'450b6887c41e1e39960dec0920e168fb9740ee42','2012-08-28 03:18:43','2012-08-28 03:18:43',1,NULL,NULL),(105,'2012-06-07 00:00:00','','EB TO Metropolitan','EB TO Metropolitan',28.97,NULL,'5f40503918b51c04858cef20e0d315ae9ad88b89','2012-08-28 03:18:43','2012-08-28 03:18:43',1,NULL,NULL),(106,'2012-06-04 00:00:00','','SAM S Club       4850','SAM S Club ',82.83,NULL,'a0008825df8f666d8a4b3db4ea3bd2e39412b510','2012-08-28 03:18:43','2012-08-28 03:18:43',1,NULL,NULL),(107,'2012-06-04 00:00:00','','TARGET DEBIT CRD ACH TRAN','TARGET DEBIT CRD ACH TRAN',39.16,NULL,'807b4a14024f7ced359a48daed7d6e77f873f85d','2012-08-28 03:18:43','2012-08-28 03:18:43',1,NULL,NULL),(108,'2012-06-01 00:00:00','','SSM ST. MARY\'S H PAYRLL DEP','SSM ST MARYS H PAYRLL DEP',NULL,510.5,'02288bce3911c94f36cd8de28196544eb4beae39','2012-08-28 03:18:43','2012-08-28 03:18:43',1,NULL,NULL),(109,'2012-06-01 00:00:00','','EB TO FIRST NATIONA','EB TO FIRST NATIONA',950,NULL,'ff6c7db89664ba062d08c5596246f100cda099ae','2012-08-28 03:18:43','2012-08-28 03:18:43',1,NULL,NULL),(110,'2012-06-01 00:00:00','','EB TO LACLEDE GAS','EB TO LACLEDE GAS',40.6,NULL,'66ea6119cf348afab7c309987d1f1b8e3b4e266d','2012-08-28 03:18:43','2012-08-28 03:18:43',1,NULL,NULL),(111,'2012-06-01 00:00:00','','TARGET DEBIT CRD ACH TRAN','TARGET DEBIT CRD ACH TRAN',27.11,NULL,'8c3c240907122acc743be7ed3d7ec405db71d3ee','2012-08-28 03:18:43','2012-08-28 03:18:43',1,NULL,NULL),(112,'2012-05-31 00:00:00','','Payroll          PAY','Payroll PAY',NULL,3424.59,'2c3993304f3468091c2cf2e74cdbf925b1253166','2012-08-28 03:18:43','2012-08-28 03:18:43',1,NULL,NULL),(113,'2012-05-30 00:00:00','1210','CHECK #1210','CHECK ',157,NULL,'f9ca7af670acf56b592784b5bf9928c9c8f6d8a8','2012-08-28 03:18:43','2012-08-28 03:18:43',1,NULL,NULL),(114,'2012-05-29 00:00:00','','TARGET DEBIT CRD ACH TRAN','TARGET DEBIT CRD ACH TRAN',72.83,NULL,'59d8a575955edc03752b0aa0ef2302d58973ba03','2012-08-28 03:18:43','2012-08-28 03:18:43',1,NULL,NULL),(115,'2012-05-29 00:00:00','','EB TO SAVINGS # 0138304880','EB TO SAVINGS ',65,NULL,'b6641ac8991c733fef75472065c76fa0e3f75a49','2012-08-28 03:18:43','2012-08-28 03:18:43',1,NULL,NULL),(116,'2012-05-24 00:00:00','1182','CHECK #1182','CHECK ',698,NULL,'2f6eb48454de80d58a00b09ba6f3545765344a34','2012-08-28 03:18:43','2012-08-28 03:18:43',1,NULL,NULL),(117,'2012-05-23 00:00:00','','SAMSCLUB #4741   4850','SAMSCLUB ',89.62,NULL,'828fae26b92303bfc9f9719d43e8d0c099ffa7bd','2012-08-28 03:18:43','2012-08-28 03:18:43',1,NULL,NULL),(118,'2012-05-22 00:00:00','1184','CHECK #1184','CHECK ',351,NULL,'650ec053bdc6f6f6f9735f75fb205237a998a6cf','2012-08-28 03:18:43','2012-08-28 03:18:43',1,NULL,NULL),(119,'2012-05-22 00:00:00','1185','CHECK #1185','CHECK ',157,NULL,'0bd635aa98017920bb309d4c7eac8d12d8e6a8ee','2012-08-28 03:18:43','2012-08-28 03:18:43',1,NULL,NULL),(120,'2012-05-21 00:00:00','','Regions         Glendale Offi','Regions Glendale Offi',40,NULL,'215a8ea71f85e1ece1284afd3de21015a02bc217','2012-08-28 03:18:43','2012-08-28 03:18:43',1,NULL,NULL),(121,'2012-05-21 00:00:00','','ALDI 41047       6914','ALDI ',8.79,NULL,'bd8e5d640a94279d808f603ccc1f7667b227d10d','2012-08-28 03:18:43','2012-08-28 03:18:43',1,NULL,NULL),(122,'2012-05-18 00:00:00','','SSM ST. MARY\'S H PAYRLL DEP','SSM ST MARYS H PAYRLL DEP',NULL,723.9,'834efd950773b66ca82a6b687ffed2f557f5fbf3','2012-08-28 03:18:43','2012-08-28 03:18:43',1,NULL,NULL),(123,'2012-05-18 00:00:00','','EB TO AMEREN UE','EB TO AMEREN UE',54.51,NULL,'35d54cadf5affa71a0673b12f0b1613c41414a01','2012-08-28 03:18:43','2012-08-28 03:18:43',1,NULL,NULL),(124,'2012-05-17 00:00:00','','CHASE            EPAY','CHASE EPAY',1027.68,NULL,'df2310bf43a0284db4ac52349bc2e588f8fea5de','2012-08-28 03:18:43','2012-08-28 03:18:43',1,NULL,NULL),(125,'2012-05-16 00:00:00','','ALDI 41047       4850','ALDI ',8.45,NULL,'97fe6821666c1c642a152a082403ce2b04dbc7a4','2012-08-28 03:18:43','2012-08-28 03:18:43',1,NULL,NULL),(126,'2012-05-15 00:00:00','','DEPOSIT','DEPOSIT',NULL,3324,'99d558ef66e8bef287dc67d37c3d322f1dfbd423','2012-08-28 03:18:43','2012-08-28 03:18:43',1,NULL,NULL),(127,'2012-05-15 00:00:00','1180','CHECK #1180','CHECK ',157,NULL,'5815baf7f99b0223a2eeafe3f613ea5721008a12','2012-08-28 03:18:43','2012-08-28 03:18:43',1,NULL,NULL),(128,'2012-05-15 00:00:00','1149','CHECK #1149','CHECK ',157,NULL,'6bddab0d7118204e3bc89c7a659f3ea06a184226','2012-08-28 03:18:43','2012-08-28 03:18:43',1,NULL,NULL),(129,'2012-05-14 00:00:00','','EB TO Allied Waste','EB TO Allied Waste',63.23,NULL,'d0a9947a6f3fd3ad81db14116b5ce3b22fb13107','2012-08-28 03:18:43','2012-08-28 03:18:43',1,NULL,NULL),(130,'2012-05-11 00:00:00','','Campus Outreach  AUTOPAYMNT','Campus Outreach AUTOPAYMNT',125,NULL,'33bc7496ef56f6d34a33dc2e8641bbe44554f18e','2012-08-28 03:18:43','2012-08-28 03:18:43',1,NULL,NULL),(131,'2012-05-11 00:00:00','','Campus Outreach  AUTOPAYMNT','Campus Outreach AUTOPAYMNT',60,NULL,'0887c6f22b256749d796610fbb8351751c807884','2012-08-28 03:18:43','2012-08-28 03:18:43',1,NULL,NULL),(132,'2012-05-07 00:00:00','','DEPOSIT','DEPOSIT',NULL,25,'ad6d9e6cf76735ce1b05927f371bf5bdbe71d8c3','2012-08-28 03:18:43','2012-08-28 03:18:43',1,NULL,NULL),(133,'2012-05-07 00:00:00','','EB TO LACLEDE GAS','EB TO LACLEDE GAS',56.86,NULL,'7471506f82686f6e0e9fc22d672e56d18846cbe7','2012-08-28 03:18:43','2012-08-28 03:18:43',1,NULL,NULL),(134,'2012-05-07 00:00:00','','TARGET DEBIT CRD ACH TRAN','TARGET DEBIT CRD ACH TRAN',47.8,NULL,'ad8746d4192d332d218294c5f41cd4fa5fbaff1b','2012-08-28 03:18:43','2012-08-28 03:18:43',1,NULL,NULL),(135,'2012-05-07 00:00:00','','EB TO Metropolitan','EB TO Metropolitan',28.97,NULL,'0d8008df3ba7a940f566bdc30d640563bb870b44','2012-08-28 03:18:43','2012-08-28 03:18:43',1,NULL,NULL),(136,'2012-05-07 00:00:00','','EB TO SAVINGS # 0138304880','EB TO SAVINGS ',25,NULL,'5ed1935ef61833ef6d31016f5eb9762506ee12af','2012-08-28 03:18:43','2012-08-28 03:18:43',1,NULL,NULL),(137,'2012-05-04 00:00:00','','SSM ST. MARY\'S H PAYRLL DEP','SSM ST MARYS H PAYRLL DEP',NULL,850.41,'87fed5d97daac719c8a8ad05552913bd3f552688','2012-08-28 03:18:43','2012-08-28 03:18:43',1,NULL,NULL),(138,'2012-05-01 00:00:00','','EB TO FIRST NATIONA','EB TO FIRST NATIONA',950,NULL,'032fbe4a3f3734fd8c4ccb55593d1147075cae2e','2012-08-28 03:18:43','2012-08-28 03:18:43',1,NULL,NULL),(139,'2012-05-01 00:00:00','1148','CHECK #1148','CHECK ',157,NULL,'732ab7b9eb51064c2fa0bf84ac2a9bb1584138d6','2012-08-28 03:18:43','2012-08-28 03:18:43',1,NULL,NULL),(140,'2012-05-01 00:00:00','1147','CHECK #1147','CHECK ',119.98,NULL,'a537ae84ef74af85a57c242151f5c8cec4137b69','2012-08-28 03:18:43','2012-08-28 03:18:43',1,NULL,NULL),(141,'2012-05-01 00:00:00','','TARGET DEBIT CRD ACH TRAN','TARGET DEBIT CRD ACH TRAN',7.11,NULL,'2e39bfa285246a5100b61d1972d9e40cc78ee444','2012-08-28 03:18:43','2012-08-28 03:18:43',1,NULL,NULL),(142,'2012-04-30 00:00:00','','Payroll          PAY','Payroll PAY',NULL,3424.59,'eb137e585bc729566a53e253ab3b0f1c77da28bd','2012-08-28 03:18:43','2012-08-28 03:18:43',1,NULL,NULL),(143,'2012-04-30 00:00:00','','SAM S Club       5300','SAM S Club ',74.29,NULL,'354ab59058d36d76740996fc8e4d09e1ef4a4530','2012-08-28 03:18:43','2012-08-28 03:18:43',1,NULL,NULL),(144,'2012-04-30 00:00:00','','TARGET DEBIT CRD ACH TRAN','TARGET DEBIT CRD ACH TRAN',72.35,NULL,'4bede3e4f5f0fb85049d6a28a8186614aaae1def','2012-08-28 03:18:43','2012-08-28 03:18:43',1,NULL,NULL),(145,'2012-04-30 00:00:00','','ALDI 41047       5411','ALDI ',15.99,NULL,'49c78ef28fc6db55811534f9553ef7d30d11ef3a','2012-08-28 03:18:43','2012-08-28 03:18:43',1,NULL,NULL),(146,'2012-04-25 00:00:00','','EB TO AMEREN UE','EB TO AMEREN UE',54.09,NULL,'594374712b6737e5f28e372aa336764fb2b2e9d4','2012-08-28 03:18:43','2012-08-28 03:18:43',1,NULL,NULL),(147,'2012-04-24 00:00:00','1154','CHECK #1154','CHECK ',157,NULL,'3d56f27ce9bf092b1851b96c9177b4550e51cbbb','2012-08-28 03:18:43','2012-08-28 03:18:43',1,NULL,NULL),(148,'2012-04-23 00:00:00','','TARGET DEBIT CRD ACH TRAN','TARGET DEBIT CRD ACH TRAN',NULL,10.38,'2b1cd86c9de381036696f7a8d95cc4b27e1b6916','2012-08-28 03:18:43','2012-08-28 03:18:43',1,NULL,NULL),(149,'2012-04-23 00:00:00','','CHASE            EPAY','CHASE EPAY',1203.3,NULL,'5532087906930317cf266f11f56a40cbc252d292','2012-08-28 03:18:43','2012-08-28 03:18:43',1,NULL,NULL),(150,'2012-04-23 00:00:00','','TARGET DEBIT CRD ACH TRAN','TARGET DEBIT CRD ACH TRAN',17.91,NULL,'110ab9c6216d7b22f93b24cf05cdd2451d856b83','2012-08-28 03:18:43','2012-08-28 03:18:43',1,NULL,NULL),(151,'2012-04-23 00:00:00','','TARGET DEBIT CRD ACH TRAN','TARGET DEBIT CRD ACH TRAN',10.38,NULL,'595d3701f0899e8e2e16cac5fb48739c309ca792','2012-08-28 03:18:43','2012-08-28 03:18:43',1,NULL,NULL),(152,'2012-04-20 00:00:00','','SSM ST. MARY\'S H PAYRLL DEP','SSM ST MARYS H PAYRLL DEP',NULL,870.98,'f1d640f0395d8bc27b0e81967f9bfadb3c092874','2012-08-28 03:18:43','2012-08-28 03:18:43',1,NULL,NULL),(153,'2012-04-18 00:00:00','','ALDI 41047       5411','ALDI ',28.26,NULL,'780f015d483db0dd2df6527e1f3690e7f38680e3','2012-08-28 03:18:43','2012-08-28 03:18:43',1,NULL,NULL),(154,'2012-04-16 00:00:00','1153','CHECK #1153','CHECK ',157,NULL,'ab9c450258cfb35f471ad748f2ebe91718ff4431','2012-08-28 03:18:43','2012-08-28 03:18:43',1,NULL,NULL),(155,'2012-04-12 00:00:00','','Campus Outreach  AUTOPAYMNT','Campus Outreach AUTOPAYMNT',125,NULL,'ed483a5af30426df99b476380cd0598a6a02480a','2012-08-28 03:18:43','2012-08-28 03:18:43',1,NULL,NULL),(156,'2012-04-12 00:00:00','','Campus Outreach  AUTOPAYMNT','Campus Outreach AUTOPAYMNT',60,NULL,'3cb31d14c7c26e3e64bf3fc0644c38cfb67ad6c0','2012-08-28 03:18:43','2012-08-28 03:18:43',1,NULL,NULL),(157,'2012-04-10 00:00:00','1146','CHECK #1146','CHECK ',540,NULL,'cd2e0d63b89ed99bbcdd33f20ad8866d6fd4fee5','2012-08-28 03:18:43','2012-08-28 03:18:43',1,NULL,NULL),(158,'2012-04-10 00:00:00','1152','CHECK #1152','CHECK ',157,NULL,'19e6f75ae0fed184525a066156db0f5aa1d05e48','2012-08-28 03:18:43','2012-08-28 03:18:43',1,NULL,NULL),(159,'2012-04-09 00:00:00','','EB TO Metropolitan','EB TO Metropolitan',28.97,NULL,'2eed6c5c91ccd388fbc0aaad3941a4f16167787a','2012-08-28 03:18:43','2012-08-28 03:18:43',1,NULL,NULL),(160,'2012-04-09 00:00:00','','ALDI 41047       5411','ALDI ',12.59,NULL,'92e4414e6cb9c838d0fbfe51d74972e9d8829283','2012-08-28 03:18:43','2012-08-28 03:18:43',1,NULL,NULL),(161,'2012-04-06 00:00:00','','SSM HLTHCARE STL PAYRLL DEP','SSM HLTHCARE STL PAYRLL DEP',NULL,1066.97,'86c1f675cd08618bdd3b990a5fa26854937cb326','2012-08-28 03:18:43','2012-08-28 03:18:43',1,NULL,NULL),(162,'2012-04-05 00:00:00','','EB TO LACLEDE GAS','EB TO LACLEDE GAS',84.6,NULL,'0b4ffdac7d492941ae6bbe85a6a8d1ee6a2dc679','2012-08-28 03:18:43','2012-08-28 03:18:43',1,NULL,NULL),(163,'2012-04-04 00:00:00','1151','CHECK #1151','CHECK ',157,NULL,'23181b9bdf6f4d544dc6e38cd0f2ade739ce427d','2012-08-28 03:18:43','2012-08-28 03:18:43',1,NULL,NULL),(164,'2012-04-04 00:00:00','','SAM S Club       5300','SAM S Club ',67.16,NULL,'98dad0d1fdd4a870a3c381372444fb196ee9212b','2012-08-28 03:18:43','2012-08-28 03:18:43',1,NULL,NULL),(165,'2012-04-04 00:00:00','','TARGET DEBIT CRD ACH TRAN','TARGET DEBIT CRD ACH TRAN',61.45,NULL,'fdba42be6baca9d4cb7576bb82549916cf4586e7','2012-08-28 03:18:43','2012-08-28 03:18:43',1,NULL,NULL),(166,'2012-04-03 00:00:00','','EB TO FIRST NATIONA','EB TO FIRST NATIONA',1000,NULL,'5b8711b138795078729d0672d9fc3e325ff8bb70','2012-08-28 03:18:43','2012-08-28 03:18:43',1,NULL,NULL),(167,'2012-04-02 00:00:00','1150','CHECK #1150','CHECK ',23,NULL,'283fb60f67ab589379ff947117e8b953d99d472a','2012-08-28 03:18:43','2012-08-28 03:18:43',1,NULL,NULL),(168,'2012-03-30 00:00:00','','Payroll          PAY','Payroll PAY',NULL,3108.32,'4aeebffe9b4e2e8f41d1d033bf3814332598a23e','2012-08-28 03:18:43','2012-08-28 03:18:43',1,NULL,NULL),(169,'2012-03-30 00:00:00','','HARLAND CLARKE   CHK ORDERS','HARLAND CLARKE CHK ORDERS',25.25,NULL,'6e378f5047046134b4eea9be06a8d25649d9dc01','2012-08-28 03:18:43','2012-08-28 03:18:43',1,NULL,NULL),(170,'2012-03-30 00:00:00','','SAM S Club       5300','SAM S Club ',79.74,NULL,'6efcdadf806e6148d35ad53f936eb70a2ee55e6b','2012-08-28 03:18:43','2012-08-28 03:18:43',1,NULL,NULL),(171,'2012-03-28 00:00:00','1145','CHECK #1145','CHECK ',157,NULL,'f333e76beb98d75067d739e1c0eb9d2d241fd52b','2012-08-28 03:18:43','2012-08-28 03:18:43',1,NULL,NULL),(172,'2012-03-28 00:00:00','','ALDI 41047       5411','ALDI ',22.8,NULL,'01c24210aca88dc765519664af6a058f36617dd8','2012-08-28 03:18:43','2012-08-28 03:18:43',1,NULL,NULL),(173,'2012-03-26 00:00:00','','SAM S Club       5300','SAM S Club ',123.03,NULL,'5323a61fed303ca49f17f5e04bbce48a91a8bfb2','2012-08-28 03:18:43','2012-08-28 03:18:43',1,NULL,NULL),(174,'2012-03-26 00:00:00','','TARGET DEBIT CRD ACH TRAN','TARGET DEBIT CRD ACH TRAN',66.61,NULL,'b752fcf8a8223835aa50a32ad326b2e6904a5cce','2012-08-28 03:18:43','2012-08-28 03:18:43',1,NULL,NULL),(175,'2012-03-26 00:00:00','','EB TO AMEREN UE','EB TO AMEREN UE',49.38,NULL,'7f2ab35788c51f8efe7499d51c12e4204f9d59df','2012-08-28 03:18:43','2012-08-28 03:18:43',1,NULL,NULL),(176,'2012-03-26 00:00:00','','SAMSCLUB #4741   5542','SAMSCLUB ',36.89,NULL,'471a16e4d714b33da5fd3b2f424768b392595554','2012-08-28 03:18:43','2012-08-28 03:18:43',1,NULL,NULL),(177,'2012-03-23 00:00:00','','SSM HLTHCARE STL PAYRLL DEP','SSM HLTHCARE STL PAYRLL DEP',NULL,1135.86,'1461807d4365a2b091903f8360a362291a36eb05','2012-08-28 03:18:43','2012-08-28 03:18:43',1,NULL,NULL),(178,'2012-03-20 00:00:00','1144','CHECK #1144','CHECK ',157,NULL,'f4b34894b1d63ff2d62060e8405b472d50f246e3','2012-08-28 03:18:43','2012-08-28 03:18:43',1,NULL,NULL),(179,'2012-03-19 00:00:00','','TARGET DEBIT CRD ACH TRAN','TARGET DEBIT CRD ACH TRAN',97.43,NULL,'4fe33cbde264319c465e50db29d039f601380b43','2012-08-28 03:18:43','2012-08-28 03:18:43',1,NULL,NULL),(180,'2012-03-19 00:00:00','','SAMSCLUB #6474   5300','SAMSCLUB ',34.88,NULL,'ac8ed805cb7962ee968f90ca5b89eccbd8d70354','2012-08-28 03:18:43','2012-08-28 03:18:43',1,NULL,NULL),(181,'2012-03-16 00:00:00','','DEPOSIT','DEPOSIT',NULL,55.13,'e33127b83b47400546283659267392ea28ad086c','2012-08-28 03:18:43','2012-08-28 03:18:43',1,NULL,NULL),(182,'2012-03-15 00:00:00','','EB TO Missouri Amer','EB TO Missouri Amer',67.61,NULL,'10a32f4c926a99106665a7f067d713933eef27cb','2012-08-28 03:18:43','2012-08-28 03:18:43',1,NULL,NULL),(183,'2012-03-13 00:00:00','1143','CHECK #1143','CHECK ',225,NULL,'a31a891004d51fc5b8ac1d8c02b4ff9f8fa70d85','2012-08-28 03:18:43','2012-08-28 03:18:43',1,NULL,NULL),(184,'2012-03-13 00:00:00','','Campus Outreach  AUTOPAYMNT','Campus Outreach AUTOPAYMNT',125,NULL,'dd358be5e179af86aaa5384c17e785871e6040b2','2012-08-28 03:18:43','2012-08-28 03:18:43',1,NULL,NULL),(185,'2012-03-13 00:00:00','','Campus Outreach  AUTOPAYMNT','Campus Outreach AUTOPAYMNT',60,NULL,'f4f2b9eb8706cf211919792e977e2b9c4bb8fed4','2012-08-28 03:18:43','2012-08-28 03:18:43',1,NULL,NULL),(186,'2012-03-12 00:00:00','','TARGET DEBIT CRD ACH TRAN','TARGET DEBIT CRD ACH TRAN',24.4,NULL,'0c06fa65b4391f6dd4e2bd51e89d115b97d4ff2e','2012-08-28 03:18:43','2012-08-28 03:18:43',1,NULL,NULL),(187,'2012-03-09 00:00:00','','SSM HLTHCARE STL PAYRLL DEP','SSM HLTHCARE STL PAYRLL DEP',NULL,1268.77,'23be73b6f9cab7505519f3dc5b03d303e011110b','2012-08-28 03:18:43','2012-08-28 03:18:43',1,NULL,NULL),(188,'2012-03-06 00:00:00','1142','CHECK #1142','CHECK ',225,NULL,'e0403e0da199e3e735273a41fbe4924727cda394','2012-08-28 03:18:43','2012-08-28 03:18:43',1,NULL,NULL),(189,'2012-03-06 00:00:00','','TARGET DEBIT CRD ACH TRAN','TARGET DEBIT CRD ACH TRAN',59.65,NULL,'1d2207d0cf9ae5eb952d8b5caea2b6f934bdd592','2012-08-28 03:18:43','2012-08-28 03:18:43',1,NULL,NULL),(190,'2012-03-05 00:00:00','','CHASE            EPAY','CHASE EPAY',1788.02,NULL,'102f85828758cbbcda167661b7e1a2630bed616e','2012-08-28 03:18:43','2012-08-28 03:18:43',1,NULL,NULL),(191,'2012-03-05 00:00:00','1141','CHECK #1141','CHECK ',540,NULL,'12d4e43ce978ca9fa9b82d587dde5622136ec754','2012-08-28 03:18:43','2012-08-28 03:18:43',1,NULL,NULL),(192,'2012-03-05 00:00:00','','EB TO LACLEDE GAS','EB TO LACLEDE GAS',120.9,NULL,'5c900cd381c626d4e4c0897b806063592c748c13','2012-08-28 03:18:43','2012-08-28 03:18:43',1,NULL,NULL),(193,'2012-03-05 00:00:00','','SAMSCLUB #6474   5300','SAMSCLUB ',63.97,NULL,'d920b417074dbf62aef46cc77d966fd25c7c8443','2012-08-28 03:18:43','2012-08-28 03:18:43',1,NULL,NULL),(194,'2012-03-01 00:00:00','','EB TO FIRST NATIONA','EB TO FIRST NATIONA',950,NULL,'a6e1db9df4092ddfff7a3ab1b735e3b14122be8c','2012-08-28 03:18:43','2012-08-28 03:18:43',1,NULL,NULL),(195,'2012-03-01 00:00:00','','EB TO AMEREN UE','EB TO AMEREN UE',65.01,NULL,'2224fa73b057da333ad29994cb3abebc49714856','2012-08-28 03:18:43','2012-08-28 03:18:43',1,NULL,NULL),(196,'2012-03-01 00:00:00','','TARGET DEBIT CRD ACH TRAN','TARGET DEBIT CRD ACH TRAN',4,NULL,'cd0747b7ff74e516cea263c79a06448545a52819','2012-08-28 03:18:43','2012-08-28 03:18:43',1,NULL,NULL),(197,'2012-03-01 00:00:00','','TARGET DEBIT CRD ACH TRAN','TARGET DEBIT CRD ACH TRAN',2.24,NULL,'d8ce475125ba6c0ecb23cdb4ceddb156ac16a2ee','2012-08-28 03:18:43','2012-08-28 03:18:43',1,NULL,NULL),(198,'2012-02-29 00:00:00','','Payroll          PAY','Payroll PAY',NULL,3108.32,'e92f5fffb5d7eac0f0537e00d8e6d760eecabed8','2012-08-28 03:18:43','2012-08-28 03:18:43',1,NULL,NULL),(199,'2012-02-28 00:00:00','','EB TO Metropolitan','EB TO Metropolitan',28.97,NULL,'712d2d53f747213938951e545296b775a8c6974b','2012-08-28 03:18:44','2012-08-28 03:18:44',1,NULL,NULL),(200,'2012-02-27 00:00:00','1139','CHECK #1139','CHECK ',225,NULL,'97942292cadc8c70bb9a39fa3fce2e2d89db3479','2012-08-28 03:18:44','2012-08-28 03:18:44',1,NULL,NULL),(201,'2012-02-27 00:00:00','','SAMSCLUB #6474   5542','SAMSCLUB ',38.12,NULL,'87415b6911738dea1d03c781b81ff3e9994253e9','2012-08-28 03:18:44','2012-08-28 03:18:44',1,NULL,NULL),(202,'2012-02-27 00:00:00','','SAMSCLUB #6474   5300','SAMSCLUB ',31.73,NULL,'ff9556e87b90cac33c32f068d895d5271f1fb327','2012-08-28 03:18:44','2012-08-28 03:18:44',1,NULL,NULL),(203,'2012-02-27 00:00:00','','TARGET DEBIT CRD ACH TRAN','TARGET DEBIT CRD ACH TRAN',25.86,NULL,'05374a29a2b88f0421a29568557113840d74672f','2012-08-28 03:18:44','2012-08-28 03:18:44',1,NULL,NULL),(204,'2012-02-24 00:00:00','','SSM HLTHCARE STL PAYRLL DEP','SSM HLTHCARE STL PAYRLL DEP',NULL,1157.61,'7e4f01a0beddad34892f2ee088a12065214def19','2012-08-28 03:18:44','2012-08-28 03:18:44',1,NULL,NULL),(205,'2012-02-22 00:00:00','1138','CHECK #1138','CHECK ',225,NULL,'6f5a80b2afce725c36b8dc3aa2277efdc05508df','2012-08-28 03:18:44','2012-08-28 03:18:44',1,NULL,NULL),(206,'2012-02-21 00:00:00','','SAMSCLUB #4741   5300','SAMSCLUB ',121.07,NULL,'ad5c9c877a334a72fa13cb59dfe09c3c03b9b28b','2012-08-28 03:18:44','2012-08-28 03:18:44',1,NULL,NULL),(207,'2012-02-16 00:00:00','','CHASE            EPAY','CHASE EPAY',1566.75,NULL,'8d35ba66fdee0b50756132127a1ac6d360bd237e','2012-08-28 03:18:44','2012-08-28 03:18:44',1,NULL,NULL),(208,'2012-02-13 00:00:00','1137','CHECK #1137','CHECK ',225,NULL,'6690a6b1f058a65d6fd4d3126ff54a7c80c2e748','2012-08-28 03:18:44','2012-08-28 03:18:44',1,NULL,NULL),(209,'2012-02-13 00:00:00','','Campus Outreach  AUTOPAYMNT','Campus Outreach AUTOPAYMNT',125,NULL,'1a90ac9e37e2ceef39b2b9e5acdd83cc8d8ec227','2012-08-28 03:18:44','2012-08-28 03:18:44',1,NULL,NULL),(210,'2012-02-13 00:00:00','','Campus Outreach  AUTOPAYMNT','Campus Outreach AUTOPAYMNT',60,NULL,'2150df035d02a518305186dcebf83ad3a0b0235c','2012-08-28 03:18:44','2012-08-28 03:18:44',1,NULL,NULL),(211,'2012-02-10 00:00:00','','SSM HLTHCARE STL PAYRLL DEP','SSM HLTHCARE STL PAYRLL DEP',NULL,1315.67,'32ef06515f30b3750850b72c7611277e27cc9904','2012-08-28 03:18:44','2012-08-28 03:18:44',1,NULL,NULL),(212,'2012-02-10 00:00:00','','TARGET DEBIT CRD ACH TRAN','TARGET DEBIT CRD ACH TRAN',47.78,NULL,'702ecde393c3027f607a979f5752bd3f8fe94129','2012-08-28 03:18:44','2012-08-28 03:18:44',1,NULL,NULL),(213,'2012-02-08 00:00:00','1136','CHECK #1136','CHECK ',432,NULL,'e1f96d716b5e8a69bdcbb11af5c0cc9d582a6aa8','2012-08-28 03:18:44','2012-08-28 03:18:44',1,NULL,NULL),(214,'2012-02-08 00:00:00','','SAMSCLUB #4741   5300','SAMSCLUB ',97.84,NULL,'f27aea4e9ebefb855596b5bdf675e79dadf14abb','2012-08-28 03:18:44','2012-08-28 03:18:44',1,NULL,NULL),(215,'2012-02-06 00:00:00','','EB TO FIRST NATIONA','EB TO FIRST NATIONA',950,NULL,'8c74411e97969054c9bcc9f8d33fbd5f9eba4239','2012-08-28 03:18:44','2012-08-28 03:18:44',1,NULL,NULL),(216,'2012-02-06 00:00:00','','EB TO LACLEDE GAS','EB TO LACLEDE GAS',144.78,NULL,'5b310b63da9e8391eb0c224539d1b5fd47ee5dad','2012-08-28 03:18:44','2012-08-28 03:18:44',1,NULL,NULL),(217,'2012-02-03 00:00:00','0','CHECK #0','CHECK ',200,NULL,'6b5438ffff05be25957f711b11d8946c04abcfcd','2012-08-28 03:18:44','2012-08-28 03:18:44',1,NULL,NULL),(218,'2012-02-01 00:00:00','','EB TO Allied Waste','EB TO Allied Waste',65.64,NULL,'3dbc17fa59db7272d108c60a541fe0cb5e022644','2012-08-28 03:18:44','2012-08-28 03:18:44',1,NULL,NULL),(219,'2012-01-31 00:00:00','','VIZIONELITE LLC QUICKBOOKS','VIZIONELITE LLC QUICKBOOKS',NULL,3108.32,'357cfc5dce48e89c5c8deaa921167c1e79c52e7d','2012-08-28 03:18:44','2012-08-28 03:18:44',1,NULL,NULL),(220,'2012-01-30 00:00:00','0','CHECK #0','CHECK ',150,NULL,'b705eb10d15479d0b37cba5c9b9ed3ac26d635f7','2012-08-28 03:18:44','2012-08-28 03:18:44',1,NULL,NULL),(221,'2012-01-30 00:00:00','','EB TO AMEREN UE','EB TO AMEREN UE',66.07,NULL,'8a4a536ffefbaab35ee0799bb6e34b093fccf83c','2012-08-28 03:18:44','2012-08-28 03:18:44',1,NULL,NULL),(222,'2012-01-30 00:00:00','','EB TO Metropolitan','EB TO Metropolitan',32.29,NULL,'a322385414c3aaea197304787bf515f27d92b3a5','2012-08-28 03:18:44','2012-08-28 03:18:44',1,NULL,NULL),(223,'2012-01-27 00:00:00','','SSM HLTHCARE STL PAYRLL DEP','SSM HLTHCARE STL PAYRLL DEP',NULL,593.3,'63489ce16f2ff024977140a4ba511319003bdf02','2012-08-28 03:18:44','2012-08-28 03:18:44',1,NULL,NULL),(224,'2012-01-20 00:00:00','','Regions         Mackenzie Poi','Regions Mackenzie Poi',260,NULL,'f82708a89d58d08a113c7695882b3fe0b4e6b886','2012-08-28 03:18:44','2012-08-28 03:18:44',1,NULL,NULL),(225,'2012-01-19 00:00:00','1135','CHECK #1135','CHECK ',704,NULL,'602f0a8b7b2dadfb536c90c8b77119ef8f529017','2012-08-28 03:18:44','2012-08-28 03:18:44',1,NULL,NULL),(226,'2012-01-17 00:00:00','','CHASE            EPAY','CHASE EPAY',2026.4,NULL,'34e8de3ef82301f6e49c371eadf9a8838eb95cf5','2012-08-28 03:18:44','2012-08-28 03:18:44',1,NULL,NULL),(227,'2012-01-17 00:00:00','','TARGET DEBIT CRD ACH TRAN','TARGET DEBIT CRD ACH TRAN',175.45,NULL,'9d8e962f1116e305c9d88797e4004469617d34ed','2012-08-28 03:18:44','2012-08-28 03:18:44',1,NULL,NULL),(228,'2012-01-17 00:00:00','','SAMSCLUB #6474   5300','SAMSCLUB ',80.16,NULL,'6c7a1fddc0b4a5ff5b5e90f9077d96ffa13fd72e','2012-08-28 03:18:44','2012-08-28 03:18:44',1,NULL,NULL),(229,'2012-01-13 00:00:00','','TARGET DEBIT CRD ACH TRAN','TARGET DEBIT CRD ACH TRAN',24.94,NULL,'d897eed12df1cee568edcacf26f74b25a280e97c','2012-08-28 03:18:44','2012-08-28 03:18:44',1,NULL,NULL),(230,'2012-01-11 00:00:00','','HSBC ONLINE      TRANSFER','HSBC ONLINE TRANSFER',NULL,1000,'54853df61dc5a4d0cccf6cd5b0024ae82e10a53f','2012-08-28 03:18:44','2012-08-28 03:18:44',1,NULL,NULL),(231,'2012-01-11 00:00:00','','Campus Outreach  AUTOPAYMNT','Campus Outreach AUTOPAYMNT',125,NULL,'54b33e98cbee3ecbc9dfc9308a3e8e783e85f771','2012-08-28 03:18:44','2012-08-28 03:18:44',1,NULL,NULL),(232,'2012-01-11 00:00:00','','Campus Outreach  AUTOPAYMNT','Campus Outreach AUTOPAYMNT',60,NULL,'9adfe09d7e90fe74f638e81feb2104476812da75','2012-08-28 03:18:44','2012-08-28 03:18:44',1,NULL,NULL),(233,'2012-01-09 00:00:00','1134','CHECK #1134','CHECK ',900,NULL,'558c33917a47fb7112d066ae917f9640adb38df5','2012-08-28 03:18:44','2012-08-28 03:18:44',1,NULL,NULL),(234,'2012-01-09 00:00:00','','TARGET DEBIT CRD ACH TRAN','TARGET DEBIT CRD ACH TRAN',26.02,NULL,'7469341ff55d0d7f42e2e16ce40d7f70a479dfdf','2012-08-28 03:18:44','2012-08-28 03:18:44',1,NULL,NULL),(235,'2012-01-03 00:00:00','','SAMSCLUB #6474   5300','SAMSCLUB ',64.67,NULL,'5553106de477c4847edd609d1d6826c2da7868cf','2012-08-28 03:18:44','2012-08-28 03:18:44',1,NULL,NULL),(236,'2012-08-26 00:00:00',NULL,'BED BATH & BEYOND #651','BED BATH BEYOND ',26.01,NULL,'133f613a515da1392858da24c2fe8db9afeac168','2012-08-28 03:19:02','2012-08-28 03:19:02',2,'2012-08-25 00:00:00','Sale'),(237,'2012-08-26 00:00:00',NULL,'STARBUCKS CORP00138115','STARBUCKS CORP',3.67,NULL,'d0c4a95acd485bacab3c9b475e4a09d74ad1b075','2012-08-28 03:19:02','2012-08-28 03:19:02',2,'2012-08-24 00:00:00','Sale'),(238,'2012-08-24 00:00:00',NULL,'TRADER JOE\'S #692  QPS','TRADER JOES QPS',22.35,NULL,'457e41dc21210d422084b4517bdfad60e26b857e','2012-08-28 03:19:02','2012-08-28 03:19:02',2,'2012-08-23 00:00:00','Sale'),(239,'2012-08-26 00:00:00',NULL,'7-ELEVEN 27092','ELEVEN ',41.58,NULL,'93a26aa7a275d5d7937b2435d33ed4cf9309ac92','2012-08-28 03:19:02','2012-08-28 03:19:02',2,'2012-08-23 00:00:00','Sale'),(240,'2012-08-24 00:00:00',NULL,'ZISSER TIRE AND AUTO','ZISSER TIRE AND AUTO',524.82,NULL,'33fa72690922d57ebd9ae8adf34769f9be0a3ef3','2012-08-28 03:19:02','2012-08-28 03:19:02',2,'2012-08-22 00:00:00','Sale'),(241,'2012-07-26 00:00:00',NULL,'SHOP\'N SAVE','SHOPN SAVE',7.01,NULL,'6f3ff91fe7f5b8ed6ab5a83297b360712c204954','2012-08-28 03:19:03','2012-08-28 03:19:03',2,'2012-07-25 00:00:00','Sale'),(242,'2012-07-25 00:00:00',NULL,'SCHNUCK\'S MARKET #1','SCHNUCKS MARKET ',28.86,NULL,'1a2ac9da535cb13bc10443a43b09a503a6f1ebc1','2012-08-28 03:19:03','2012-08-28 03:19:03',2,'2012-07-24 00:00:00','Sale'),(243,'2012-07-25 00:00:00',NULL,'SWEET TOMATOES 90 Q14','SWEET TOMATOES Q',14.3,NULL,'6324c9bc6623f76a7f41716bd6a15b6cb884d018','2012-08-28 03:19:03','2012-08-28 03:19:03',2,'2012-07-23 00:00:00','Sale'),(244,'2012-07-24 00:00:00',NULL,'SCHNUCK\'S MARKET #2','SCHNUCKS MARKET ',6.11,NULL,'10b5c2c8b58606a9d9c5e8d943b5ae07bd808dd9','2012-08-28 03:19:03','2012-08-28 03:19:03',2,'2012-07-23 00:00:00','Sale'),(245,'2012-07-24 00:00:00',NULL,'SUBWAY        00485045','SUBWAY ',7.15,NULL,'244c37dff9b1f7966e26b956691a1fd25ef3d9d4','2012-08-28 03:19:03','2012-08-28 03:19:03',2,'2012-07-22 00:00:00','Sale'),(246,'2012-07-23 00:00:00',NULL,'SCHNUCK\'S MARKET #2','SCHNUCKS MARKET ',16.54,NULL,'d9d4eab81c3af96020f75518e09816a446f6fc5f','2012-08-28 03:19:03','2012-08-28 03:19:03',2,'2012-07-22 00:00:00','Sale'),(247,'2012-07-23 00:00:00',NULL,'FOZZIES SANDWICH EMPORIUM','FOZZIES SANDWICH EMPORIUM',3.25,NULL,'5fd164f749d90ef6b484e9b12c5149aab3ac0078','2012-08-28 03:19:03','2012-08-28 03:19:03',2,'2012-07-21 00:00:00','Sale'),(248,'2012-07-22 00:00:00',NULL,'Amazon.com','Amazoncom',40,NULL,'9a1dbbf8988f171a6d978e6162e5dda54b923183','2012-08-28 03:19:03','2012-08-28 03:19:03',2,'2012-07-21 00:00:00','Sale'),(249,'2012-07-22 00:00:00',NULL,'STARBUCKS CORP00138115','STARBUCKS CORP',3.99,NULL,'1ad1eb68ee1a56088721937e4738ae89a1ea3f83','2012-08-28 03:19:03','2012-08-28 03:19:03',2,'2012-07-20 00:00:00','Sale'),(250,'2012-07-22 00:00:00',NULL,'7-ELEVEN 27092','ELEVEN ',35.99,NULL,'3b7df9dfdb0014dc418280f342e8e6ec14d943eb','2012-08-28 03:19:03','2012-08-28 03:19:03',2,'2012-07-19 00:00:00','Sale'),(251,'2012-07-20 00:00:00',NULL,'HANCOCK FABRICS 1203','HANCOCK FABRICS ',55.9,NULL,'e93e8b652c321b7dd76361602b9f4489090874c5','2012-08-28 03:19:03','2012-08-28 03:19:03',2,'2012-07-19 00:00:00','Sale'),(252,'2012-07-20 00:00:00',NULL,'FOZZIES SANDWICH EMPORIUM','FOZZIES SANDWICH EMPORIUM',21.31,NULL,'62a98c33386015bf1558a1d31f6c4ae1ae866cec','2012-08-28 03:19:03','2012-08-28 03:19:03',2,'2012-07-18 00:00:00','Sale'),(253,'2012-07-18 00:00:00',NULL,'Payment - Thank You','Payment Thank You',NULL,2139.67,'d44ee1f75bbf077cc367d2132a4a48d2ab8dcdf0','2012-08-28 03:19:03','2012-08-28 03:19:03',2,'2012-07-18 00:00:00','Payment'),(254,'2012-07-19 00:00:00',NULL,'CHICK-FIL-A #02665','CHICKFILA ',6.72,NULL,'07255b98ec7def8a3aca02a6a5cd111bae3b5d3b','2012-08-28 03:19:03','2012-08-28 03:19:03',2,'2012-07-17 00:00:00','Sale'),(255,'2012-07-18 00:00:00',NULL,'CLUB FIT ROCKHLL','CLUB FIT ROCKHLL',21.83,NULL,'d335d3b0a5b945c5b539e56dbd696b39dcd2eed2','2012-08-28 03:19:03','2012-08-28 03:19:03',2,'2012-07-17 00:00:00','Sale'),(256,'2012-07-18 00:00:00',NULL,'WM SUPERCENTER#5150','WM SUPERCENTER',50.12,NULL,'af10bbb193f8b5b617b211ac1537943149b1b919','2012-08-28 03:19:03','2012-08-28 03:19:03',2,'2012-07-17 00:00:00','Sale'),(257,'2012-07-15 00:00:00',NULL,'THE STORK LADY','THE STORK LADY',111.68,NULL,'bdf7f78915370486cdadac370e4bfcdaab59d460','2012-08-28 03:19:03','2012-08-28 03:19:03',2,'2012-07-13 00:00:00','Sale'),(258,'2012-07-15 00:00:00',NULL,'7-ELEVEN 27092','ELEVEN ',17.39,NULL,'f647c5e444f908e3b982f677a724f8b83d35a6b3','2012-08-28 03:19:03','2012-08-28 03:19:03',2,'2012-07-13 00:00:00','Sale'),(259,'2012-07-15 00:00:00',NULL,'EXXONMOBIL    96110135','EXXONMOBIL ',33.27,NULL,'b24b128a0218eb5deffde75491cedaa095412bee','2012-08-28 03:19:03','2012-08-28 03:19:03',2,'2012-07-12 00:00:00','Sale'),(260,'2012-07-15 00:00:00',NULL,'EXXONMOBIL    96110135','EXXONMOBIL ',3.11,NULL,'ce82e40c9a0c2e8a7290d2c21fdbc870bbf9e6c6','2012-08-28 03:19:03','2012-08-28 03:19:03',2,'2012-07-12 00:00:00','Sale'),(261,'2012-07-13 00:00:00',NULL,'MCDONALD\'S F4274','MCDONALDS F',2.34,NULL,'a206c8b5684db93f35fafa67e35e1beae7ee1fc6','2012-08-28 03:19:03','2012-08-28 03:19:03',2,'2012-07-12 00:00:00','Sale'),(262,'2012-07-15 00:00:00',NULL,'OLD NAVY ON-LINE','OLD NAVY ONLINE',80.43,NULL,'3dce809817784ec755b9967598c6cfd9c64906cf','2012-08-28 03:19:03','2012-08-28 03:19:03',2,'2012-07-12 00:00:00','Sale'),(263,'2012-07-12 00:00:00',NULL,'SHOP\'N SAVE','SHOPN SAVE',18.64,NULL,'75fe86d7da662a3cddfbfdc15b61817b26ab6c42','2012-08-28 03:19:03','2012-08-28 03:19:03',2,'2012-07-11 00:00:00','Sale'),(264,'2012-07-12 00:00:00',NULL,'HUCK\'S FOOD & FUEL STO','HUCKS FOOD FUEL STO',31.89,NULL,'2d71ce93d9addf640f2fbbc0e043274296ff82d0','2012-08-28 03:19:03','2012-08-28 03:19:03',2,'2012-07-10 00:00:00','Sale'),(265,'2012-07-11 00:00:00',NULL,'PANERA BREAD #729','PANERA BREAD ',21.23,NULL,'e69528f7fb935fd0cb0aa6840f96b02ae530e1da','2012-08-28 03:19:03','2012-08-28 03:19:03',2,'2012-07-10 00:00:00','Sale'),(266,'2012-07-09 00:00:00',NULL,'STARBUCKS CORP00138115','STARBUCKS CORP',3.99,NULL,'5397f09b689a197f063b712431664ab19634bb3c','2012-08-28 03:19:03','2012-08-28 03:19:03',2,'2012-07-08 00:00:00','Sale'),(267,'2012-07-09 00:00:00',NULL,'REDEMPTION CREDIT','REDEMPTION CREDIT',NULL,78.38,'922ea94e0a365b7c6bcee3b87a401cf2271b33d9','2012-08-28 03:19:03','2012-08-28 03:19:03',2,'2012-07-08 00:00:00','Adjustment'),(268,'2012-07-08 00:00:00',NULL,'WESTLAKE HARDWARE','WESTLAKE HARDWARE',0.44,NULL,'ccabb7d1683cbead710ddbffc7bc90f9580b7511','2012-08-28 03:19:03','2012-08-28 03:19:03',2,'2012-07-07 00:00:00','Sale'),(269,'2012-07-08 00:00:00',NULL,'LITTLE CAESARS 1651 0004','LITTLE CAESARS ',5.35,NULL,'03023868d8ab2ce7c8efd4861dc3a4db1dfe80b1','2012-08-28 03:19:03','2012-08-28 03:19:03',2,'2012-07-07 00:00:00','Sale'),(270,'2012-07-08 00:00:00',NULL,'Amazon.com','Amazoncom',58.21,NULL,'21bec6469dc83104653375db82aa4a75fdad3347','2012-08-28 03:19:03','2012-08-28 03:19:03',2,'2012-07-06 00:00:00','Sale'),(271,'2012-07-08 00:00:00',NULL,'SPEEDEMISSIONS INC 304','SPEEDEMISSIONS INC ',12,NULL,'ec2349781658bb94767b492aa0cfd01df91f28d8','2012-08-28 03:19:03','2012-08-28 03:19:03',2,'2012-07-06 00:00:00','Sale'),(272,'2012-07-08 00:00:00',NULL,'SPEEDEMISSIONS INC 304','SPEEDEMISSIONS INC ',24,NULL,'9e3ef94c5730b5629ba0ef228368fc8b83918f7b','2012-08-28 03:19:03','2012-08-28 03:19:03',2,'2012-07-06 00:00:00','Sale'),(273,'2012-07-06 00:00:00',NULL,'WM SUPERCENTER#5150','WM SUPERCENTER',33.05,NULL,'5fcbb1213e1eaf61fa8feebcbdea7700ce26a676','2012-08-28 03:19:03','2012-08-28 03:19:03',2,'2012-07-05 00:00:00','Sale'),(274,'2012-07-05 00:00:00',NULL,'DIERBERG\'S WARWOOD','DIERBERGS WARWOOD',8.95,NULL,'658bc9f31c8e45bfb898ff9a4b3d8acc2f9a6c7c','2012-08-28 03:19:03','2012-08-28 03:19:03',2,'2012-07-04 00:00:00','Sale'),(275,'2012-07-04 00:00:00',NULL,'ATT*BILL PAYMENT','ATTBILL PAYMENT',109.1,NULL,'87f3144e6e3c8fcb0021355149d6185282f01294','2012-08-28 03:19:03','2012-08-28 03:19:03',2,'2012-07-04 00:00:00','Sale'),(276,'2012-07-05 00:00:00',NULL,'HUCK\'S FOOD & FUEL STO','HUCKS FOOD FUEL STO',34.29,NULL,'925cb9565b1057480bb951f8ce8beeec0430559a','2012-08-28 03:19:03','2012-08-28 03:19:03',2,'2012-07-03 00:00:00','Sale'),(277,'2012-07-04 00:00:00',NULL,'STARBUCKS CORP00138115','STARBUCKS CORP',3.99,NULL,'dfd1d20909478c66654dbc515785054dfb5e4fc9','2012-08-28 03:19:03','2012-08-28 03:19:03',2,'2012-07-02 00:00:00','Sale'),(278,'2012-07-03 00:00:00',NULL,'TARGET        00012799','TARGET ',18.38,NULL,'f72fb74cab3abae3201da37d4003a4c8c335d22f','2012-08-28 03:19:03','2012-08-28 03:19:03',2,'2012-07-02 00:00:00','Sale'),(279,'2012-07-02 00:00:00',NULL,'PANERA BREAD #729','PANERA BREAD ',5.44,NULL,'7b5f72f146530981b70b80c01dac0c5465ccd37d','2012-08-28 03:19:03','2012-08-28 03:19:03',2,'2012-07-01 00:00:00','Sale'),(280,'2012-07-01 00:00:00',NULL,'7-ELEVEN 27092','ELEVEN ',33.09,NULL,'1862b1fc49b7f17f084046a4f1d43a7b2baa8555','2012-08-28 03:19:03','2012-08-28 03:19:03',2,'2012-06-30 00:00:00','Sale'),(281,'2012-07-01 00:00:00',NULL,'WESTLAKE HARDWARE','WESTLAKE HARDWARE',7.63,NULL,'6ab075212709f98bf21258f31cb0c55045d774b0','2012-08-28 03:19:03','2012-08-28 03:19:03',2,'2012-06-30 00:00:00','Sale'),(282,'2012-06-29 00:00:00',NULL,'SCHNUCK\'S MARKET #1','SCHNUCKS MARKET ',8.32,NULL,'0369399656ae75fa6a38e1c01058a3960af4f9c7','2012-08-28 03:19:03','2012-08-28 03:19:03',2,'2012-06-28 00:00:00','Sale'),(283,'2012-06-28 00:00:00',NULL,'WAL-MART #2694','WALMART ',80.34,NULL,'17fbe0b5dae99fab8ab2d182183d7ed716c4c6fa','2012-08-28 03:19:03','2012-08-28 03:19:03',2,'2012-06-27 00:00:00','Sale'),(284,'2012-06-27 00:00:00',NULL,'EL MAGUEY','EL MAGUEY',8.05,NULL,'754539830b202b2f8e4ef236f4e3305af824abb4','2012-08-28 03:19:03','2012-08-28 03:19:03',2,'2012-06-25 00:00:00','Sale'),(285,'2012-06-25 00:00:00',NULL,'WESTLAKE HARDWARE','WESTLAKE HARDWARE',18.01,NULL,'b8d43a233a6c8179e0e63e1200351a0a3ea6184d','2012-08-28 03:19:03','2012-08-28 03:19:03',2,'2012-06-24 00:00:00','Sale'),(286,'2012-06-25 00:00:00',NULL,'ONCE UPON A CHILD KI','ONCE UPON A CHILD KI',17.85,NULL,'708a11209f660484e9cec310e49867800ced46a8','2012-08-28 03:19:03','2012-08-28 03:19:03',2,'2012-06-23 00:00:00','Sale'),(287,'2012-06-24 00:00:00',NULL,'MPC 44','MPC ',33.54,NULL,'368256e1ef32f060041803bf8612059ff28fe4bf','2012-08-28 03:19:03','2012-08-28 03:19:03',2,'2012-06-22 00:00:00','Sale'),(288,'2012-06-24 00:00:00',NULL,'CONVENTION PLAZA PARKING','CONVENTION PLAZA PARKING',3,NULL,'1b70930a98927d4b09b73e55220e82fa2d755808','2012-08-28 03:19:03','2012-08-28 03:19:03',2,'2012-06-21 00:00:00','Sale'),(289,'2012-06-22 00:00:00',NULL,'CROWN FOOD MART','CROWN FOOD MART',3.76,NULL,'a916a806eafb13929520fa57469bf8842344be1e','2012-08-28 03:19:03','2012-08-28 03:19:03',2,'2012-06-21 00:00:00','Sale'),(290,'2012-06-24 00:00:00',NULL,'MOSAIC TAPAS','MOSAIC TAPAS',48.9,NULL,'2726318ddcefd15e5d3d24fcf3410fe3dc57ed9b','2012-08-28 03:19:03','2012-08-28 03:19:03',2,'2012-06-21 00:00:00','Sale'),(291,'2012-06-20 00:00:00',NULL,'THE FLEUR-DE-LYS MANSION','THE FLEURDELYS MANSION',254.95,NULL,'c2cdbe891cb373b8ff073b16ed9fe860c9e538f1','2012-08-28 03:19:03','2012-08-28 03:19:03',2,'2012-06-19 00:00:00','Sale'),(292,'2012-06-20 00:00:00',NULL,'CLUB FIT ROCKHLL','CLUB FIT ROCKHLL',21.83,NULL,'2f4ece11c0376ebc3759a914e6b5d6e9db72fada','2012-08-28 03:19:03','2012-08-28 03:19:03',2,'2012-06-19 00:00:00','Sale'),(293,'2012-06-18 00:00:00',NULL,'Payment - Thank You','Payment Thank You',NULL,1570.81,'d66091e28cc3b30986d17124a024c022392e03a3','2012-08-28 03:19:03','2012-08-28 03:19:03',2,'2012-06-18 00:00:00','Payment'),(294,'2012-06-17 00:00:00',NULL,'FIRST WATCH #75','FIRST WATCH ',42.25,NULL,'eb950f4e677ef23b3d81d81ba64a9c340e714231','2012-08-28 03:19:03','2012-08-28 03:19:03',2,'2012-06-16 00:00:00','Sale'),(295,'2012-06-17 00:00:00',NULL,'7-ELEVEN 27092','ELEVEN ',37.14,NULL,'c4d5a9c479c4a9890da247c2e6f2bd6b18667833','2012-08-28 03:19:03','2012-08-28 03:19:03',2,'2012-06-15 00:00:00','Sale'),(296,'2012-06-15 00:00:00',NULL,'ST LOUIS BREAD #601','ST LOUIS BREAD ',20.37,NULL,'e9858602dc432c202390789c4e90296c54a8cbf3','2012-08-28 03:19:03','2012-08-28 03:19:03',2,'2012-06-14 00:00:00','Sale'),(297,'2012-06-15 00:00:00',NULL,'SHOP\'N SAVE','SHOPN SAVE',57.63,NULL,'57577ec00d2d475495c131aa33286029c5c52bf1','2012-08-28 03:19:03','2012-08-28 03:19:03',2,'2012-06-14 00:00:00','Sale'),(298,'2012-06-17 00:00:00',NULL,'ONCE UPON A CHILD KI','ONCE UPON A CHILD KI',7.04,NULL,'f538a3fe4c81bcd08f845aeff0991f28528388c7','2012-08-28 03:19:03','2012-08-28 03:19:03',2,'2012-06-14 00:00:00','Sale'),(299,'2012-06-15 00:00:00',NULL,'WAL-MART #2694','WALMART ',37.63,NULL,'1396992f1a56d01496b8d6a42f8b78ff324f5abb','2012-08-28 03:19:03','2012-08-28 03:19:03',2,'2012-06-14 00:00:00','Sale'),(300,'2012-06-15 00:00:00',NULL,'LUBELEYS BAKERY DELI','LUBELEYS BAKERY DELI',11.17,NULL,'140e8e14ed6e7e93095d73e6f059b0bd552861bf','2012-08-28 03:19:03','2012-08-28 03:19:03',2,'2012-06-13 00:00:00','Sale'),(301,'2012-06-14 00:00:00',NULL,'LOWES #01966*','LOWES ',13.1,NULL,'d9aa618d003b96110a506ee590310b0a701db172','2012-08-28 03:19:03','2012-08-28 03:19:03',2,'2012-06-12 00:00:00','Sale'),(302,'2012-06-12 00:00:00',NULL,'ANNUAL CF FEE','ANNUAL CF FEE',18.95,NULL,'19f50c4a256e8a9bc01865601f0f2240ecdf13f8','2012-08-28 03:19:03','2012-08-28 03:19:03',2,'2012-06-11 00:00:00','Sale'),(303,'2012-06-10 00:00:00',NULL,'7-ELEVEN 27092','ELEVEN ',39.46,NULL,'09991851621442f80a30a5d0d68923c537997cf1','2012-08-28 03:19:03','2012-08-28 03:19:03',2,'2012-06-08 00:00:00','Sale'),(304,'2012-06-10 00:00:00',NULL,'WESTLAKE HARDWARE','WESTLAKE HARDWARE',5.24,NULL,'e5088935203575a64b764fe940ac13510e44ee82','2012-08-28 03:19:03','2012-08-28 03:19:03',2,'2012-06-08 00:00:00','Sale'),(305,'2012-06-10 00:00:00',NULL,'LITTLE FISHES SWIM SCH','LITTLE FISHES SWIM SCH',250,NULL,'45a18425e10343e951e3476b96047733ebd9c4a6','2012-08-28 03:19:03','2012-08-28 03:19:03',2,'2012-06-08 00:00:00','Sale'),(306,'2012-06-08 00:00:00',NULL,'SHOP\'N SAVE','SHOPN SAVE',27.35,NULL,'b6cdbfae929d1e190f864100ac8d3e31ee5e1513','2012-08-28 03:19:03','2012-08-28 03:19:03',2,'2012-06-07 00:00:00','Sale'),(307,'2012-06-07 00:00:00',NULL,'WESTLAKE HARDWARE','WESTLAKE HARDWARE',10.23,NULL,'5868e905796f673542ae6b55e37e033f9668cc67','2012-08-28 03:19:03','2012-08-28 03:19:03',2,'2012-06-06 00:00:00','Sale'),(308,'2012-06-07 00:00:00',NULL,'TED DREWES FROZEN CUST','TED DREWES FROZEN CUST',7.05,NULL,'14e70d8c7485e4d0f7d34ca395ea5f5e106f591c','2012-08-28 03:19:03','2012-08-28 03:19:03',2,'2012-06-05 00:00:00','Sale'),(309,'2012-06-05 00:00:00',NULL,'LOWES #01966*','LOWES ',4.36,NULL,'a10265451201979f8c6cd8f0b5105dbcb8cb0ee7','2012-08-28 03:19:03','2012-08-28 03:19:03',2,'2012-06-04 00:00:00','Sale'),(310,'2012-06-05 00:00:00',NULL,'CHEERS FOOD   50010032','CHEERS FOOD ',29.62,NULL,'83e2c338bac8ca59c2721a70de3b58950fc100cd','2012-08-28 03:19:03','2012-08-28 03:19:03',2,'2012-06-03 00:00:00','Sale'),(311,'2012-06-05 00:00:00',NULL,'MCDONALD\'S F11714','MCDONALDS F',2.16,NULL,'04d58361408742e0db6c62359e5043a6845c235e','2012-08-28 03:19:03','2012-08-28 03:19:03',2,'2012-06-03 00:00:00','Sale'),(312,'2012-06-03 00:00:00',NULL,'TRAVEL INSURANCE POLICY','TRAVEL INSURANCE POLICY',40.5,NULL,'c7494c6e21285b169398e38a941e9a0e2cb21717','2012-08-28 03:19:03','2012-08-28 03:19:03',2,'2012-06-02 00:00:00','Sale'),(313,'2012-06-03 00:00:00',NULL,'CRACKER BARREL #531 CALVE','CRACKER BARREL CALVE',11.42,NULL,'20dd0e5f018c0879ac95195ba30212179e59f2e3','2012-08-28 03:19:03','2012-08-28 03:19:03',2,'2012-06-02 00:00:00','Sale'),(314,'2012-06-03 00:00:00',NULL,'UNITED AIR  0167030962327','UNITED AIR ',241.2,NULL,'c56e64de55b853cd67941925cdbdcc2245716981','2012-08-28 03:19:03','2012-08-28 03:19:03',2,'2012-06-01 00:00:00','Sale'),(315,'2012-06-03 00:00:00',NULL,'CHICK-FIL-A #02665','CHICKFILA ',6.4,NULL,'e02af5388098494d0aab7fdd1063993c651e6cd7','2012-08-28 03:19:03','2012-08-28 03:19:03',2,'2012-06-01 00:00:00','Sale'),(316,'2012-06-03 00:00:00',NULL,'BOB J LEACH INC','BOB J LEACH INC',29.61,NULL,'420ffc4118e88e5b6ab3d524a7de183f4748ff45','2012-08-28 03:19:03','2012-08-28 03:19:03',2,'2012-06-01 00:00:00','Sale'),(317,'2012-06-03 00:00:00',NULL,'OWW*CHEAPTIX','OWWCHEAPTIX',20.97,NULL,'319d51d3ef68abe95dc083399e193de8742a5014','2012-08-28 03:19:03','2012-08-28 03:19:03',2,'2012-06-01 00:00:00','Sale'),(318,'2012-06-03 00:00:00',NULL,'STARBUCKS CORP00138115','STARBUCKS CORP',3.99,NULL,'23d7cad589d2cf30408c3dcc5b27930abe755e29','2012-08-28 03:19:03','2012-08-28 03:19:03',2,'2012-06-01 00:00:00','Sale'),(319,'2012-06-03 00:00:00',NULL,'UNITED AIR  0167030962328','UNITED AIR ',241.2,NULL,'6c94ec282f134999983bdd01206ba6ebcff9de78','2012-08-28 03:19:03','2012-08-28 03:19:03',2,'2012-06-01 00:00:00','Sale'),(320,'2012-06-03 00:00:00',NULL,'ATT*BILL PAYMENT','ATTBILL PAYMENT',109.1,NULL,'f05f51127118980c46c4560ba4efe379385c8489','2012-08-28 03:19:03','2012-08-28 03:19:03',2,'2012-06-01 00:00:00','Sale'),(321,'2012-06-03 00:00:00',NULL,'UNITED AIR  0167030962329','UNITED AIR ',241.2,NULL,'b0e26b8b943dae41b32c28d754fcb8927d59af54','2012-08-28 03:19:03','2012-08-28 03:19:03',2,'2012-06-01 00:00:00','Sale'),(322,'2012-05-31 00:00:00',NULL,'LOWES #01966*','LOWES ',35.21,NULL,'62321c8948fa99e9eee615b1fc6c1902cedf7665','2012-08-28 03:19:03','2012-08-28 03:19:03',2,'2012-05-30 00:00:00','Sale'),(323,'2012-05-31 00:00:00',NULL,'APPLE STORE  #R062','APPLE STORE R',30,NULL,'14399e5fdb380c4f2bdf024687a8965a650cabfe','2012-08-28 03:19:03','2012-08-28 03:19:03',2,'2012-05-29 00:00:00','Sale'),(324,'2012-05-31 00:00:00',NULL,'NACHO MAMAS','NACHO MAMAS',17.89,NULL,'f029af35d9d8f0e5b762c256540174d5d3670fb8','2012-08-28 03:19:03','2012-08-28 03:19:03',2,'2012-05-29 00:00:00','Sale'),(325,'2012-05-28 00:00:00',NULL,'FOZZIES SANDWICH EMPORIUM','FOZZIES SANDWICH EMPORIUM',19.69,NULL,'e6f73c4d96cb613c101919551e8b9bd19a20fec8','2012-08-28 03:19:03','2012-08-28 03:19:03',2,'2012-05-26 00:00:00','Sale'),(326,'2012-05-27 00:00:00',NULL,'BOB J LEACH INC','BOB J LEACH INC',38.99,NULL,'78e642db2b4723a9e83b186cebfdd7d67e4214e4','2012-08-28 03:19:03','2012-08-28 03:19:03',2,'2012-05-26 00:00:00','Sale'),(327,'2012-05-27 00:00:00',NULL,'PANERA BREAD #01184','PANERA BREAD ',4.02,NULL,'58942f335f5fd15af8038b9f1ff9880220c0ebd5','2012-08-28 03:19:03','2012-08-28 03:19:03',2,'2012-05-25 00:00:00','Sale'),(328,'2012-05-27 00:00:00',NULL,'PANERA BREAD #01184','PANERA BREAD ',12.36,NULL,'45aebddc5b7e627b6e6e570e9180e20e6bcb78b7','2012-08-28 03:19:03','2012-08-28 03:19:03',2,'2012-05-25 00:00:00','Sale'),(329,'2012-05-27 00:00:00',NULL,'SHELL OIL 57443386503','SHELL OIL ',35.68,NULL,'543a1be0f2e7a07e49989bc7ad77246c21abe09a','2012-08-28 03:19:03','2012-08-28 03:19:03',2,'2012-05-24 00:00:00','Sale'),(330,'2012-05-25 00:00:00',NULL,'SHOP\'N SAVE','SHOPN SAVE',52.08,NULL,'83ff808ba6240926f2d48184bf8678e5f0d061fc','2012-08-28 03:19:03','2012-08-28 03:19:03',2,'2012-05-24 00:00:00','Sale'),(331,'2012-05-25 00:00:00',NULL,'COLBYS FOOD & SPIRITS','COLBYS FOOD SPIRITS',32,NULL,'8f69cd4fc6be983538e025fbb85b9088464503a1','2012-08-28 03:19:03','2012-08-28 03:19:03',2,'2012-05-24 00:00:00','Sale'),(332,'2012-05-24 00:00:00',NULL,'EL INDIO','EL INDIO',15.16,NULL,'592c0191943f7feda6f84f65b9c5cc4f92d2b690','2012-08-28 03:19:03','2012-08-28 03:19:03',2,'2012-05-22 00:00:00','Sale'),(333,'2012-05-22 00:00:00',NULL,'STARBUCKS CORP00138115','STARBUCKS CORP',3.99,NULL,'e94937fc3a4c303c7594e9eb1399467df3678c58','2012-08-28 03:19:03','2012-08-28 03:19:03',2,'2012-05-21 00:00:00','Sale'),(334,'2012-05-22 00:00:00',NULL,'DIERBERG\'S WARWOOD','DIERBERGS WARWOOD',14.93,NULL,'874c45b5aff9f0f7ef270aa24f3e154a312e9638','2012-08-28 03:19:03','2012-08-28 03:19:03',2,'2012-05-21 00:00:00','Sale'),(335,'2012-05-21 00:00:00',NULL,'SMHC CAFETERIA','SMHC CAFETERIA',0.74,NULL,'98ddfc5e0a919eefbf52858e21115610dadb7e58','2012-08-28 03:19:03','2012-08-28 03:19:03',2,'2012-05-20 00:00:00','Sale'),(336,'2012-05-21 00:00:00',NULL,'STEAK-N-SHAKE#0056 Q99','STEAKNSHAKE Q',4.93,NULL,'d39abf7f85ae9b61823b48f27e2126af59be3280','2012-08-28 03:19:03','2012-08-28 03:19:03',2,'2012-05-20 00:00:00','Sale'),(337,'2012-05-22 00:00:00',NULL,'WALGREENS #9771','WALGREENS ',18.42,NULL,'51c9029a8bea0a948dd16db08c191fae2c5297d5','2012-08-28 03:19:03','2012-08-28 03:19:03',2,'2012-05-20 00:00:00','Sale'),(338,'2012-05-21 00:00:00',NULL,'STL METRO MAPLEWOOD','STL METRO MAPLEWOOD',4.5,NULL,'ebd046c2933b49aee17fec966aaa9a581702b607','2012-08-28 03:19:03','2012-08-28 03:19:03',2,'2012-05-19 00:00:00','Sale'),(339,'2012-05-20 00:00:00',NULL,'TRADER JOE\'S #692  QPS','TRADER JOES QPS',13.24,NULL,'eeaa1179ca784cc79ac6c78989a55c790856a979','2012-08-28 03:19:03','2012-08-28 03:19:03',2,'2012-05-19 00:00:00','Sale'),(340,'2012-05-21 00:00:00',NULL,'7-ELEVEN 27092','ELEVEN ',39.68,NULL,'27b74af173e0f83fd2fbc26ba4e03d851bc1fb50','2012-08-28 03:19:03','2012-08-28 03:19:03',2,'2012-05-19 00:00:00','Sale'),(341,'2012-05-20 00:00:00',NULL,'STARBUCKS CORP00138115','STARBUCKS CORP',3.99,NULL,'54d60d8b1723484cc6e3e81ee74e0a9163e0465a','2012-08-28 03:19:03','2012-08-28 03:19:03',2,'2012-05-18 00:00:00','Sale'),(342,'2012-05-18 00:00:00',NULL,'MCDONALD\'S F7431','MCDONALDS F',6.92,NULL,'2f9552969a14d6fe1afda24d6897564b1e114aa8','2012-08-28 03:19:03','2012-08-28 03:19:03',2,'2012-05-17 00:00:00','Sale'),(343,'2012-05-17 00:00:00',NULL,'CLUB FIT ROCKHILL','CLUB FIT ROCKHILL',21.83,NULL,'06fd0da409fe28edafce94f16cb0651824d48c5c','2012-08-28 03:19:03','2012-08-28 03:19:03',2,'2012-05-16 00:00:00','Sale'),(344,'2012-05-17 00:00:00',NULL,'LOWES #01966*','LOWES ',20,NULL,'0aa819cdabdd82e2b1867bec130a1ecfca6f29f9','2012-08-28 03:19:03','2012-08-28 03:19:03',2,'2012-05-16 00:00:00','Sale'),(345,'2012-05-16 00:00:00',NULL,'Payment - Thank You','Payment Thank You',NULL,1027.68,'54920eff79780c5edba2d947fe9f822565275ed5','2012-08-28 03:19:03','2012-08-28 03:19:03',2,'2012-05-16 00:00:00','Payment'),(346,'2012-05-17 00:00:00',NULL,'STARBUCKS CORP00138115','STARBUCKS CORP',3.99,NULL,'310fac25c4e3ba910cc0a62669eaadb7d823cad1','2012-08-28 03:19:03','2012-08-28 03:19:03',2,'2012-05-15 00:00:00','Sale'),(347,'2012-05-16 00:00:00',NULL,'SAFECO INSURANCE CO','SAFECO INSURANCE CO',665.4,NULL,'c101ca3b8ffbf4c28b72971d4a15d3c4f67aaa6b','2012-08-28 03:19:03','2012-08-28 03:19:03',2,'2012-05-14 00:00:00','Sale'),(348,'2012-05-14 00:00:00',NULL,'SCHNUCK\'S MARKET #1','SCHNUCKS MARKET ',26.53,NULL,'d639853d541af4685617400118f2ac234cbc99ed','2012-08-28 03:19:03','2012-08-28 03:19:03',2,'2012-05-13 00:00:00','Sale'),(349,'2012-05-14 00:00:00',NULL,'STARBUCKS CORP00138115','STARBUCKS CORP',3.99,NULL,'31451c03ff6012abff92c5639ac8a953aee96d86','2012-08-28 03:19:03','2012-08-28 03:19:03',2,'2012-05-13 00:00:00','Sale'),(350,'2012-05-15 00:00:00',NULL,'7-ELEVEN 27092','ELEVEN ',37.89,NULL,'34f54fdb76ca7d7e929e98190eaa9e854529f54e','2012-08-28 03:19:03','2012-08-28 03:19:03',2,'2012-05-13 00:00:00','Sale'),(351,'2012-05-14 00:00:00',NULL,'WM SUPERCENTER#5150','WM SUPERCENTER',22.77,NULL,'0442bbb5750886ed4fa5be0db1d31cb32e64c566','2012-08-28 03:19:03','2012-08-28 03:19:03',2,'2012-05-13 00:00:00','Sale'),(352,'2012-05-13 00:00:00',NULL,'LOWES #01966*','LOWES ',3.94,NULL,'07b5ed69a2ffb3670fe8f936f8a13aaa5dce9542','2012-08-28 03:19:03','2012-08-28 03:19:03',2,'2012-05-11 00:00:00','Sale'),(353,'2012-05-13 00:00:00',NULL,'SHOP\'N SAVE','SHOPN SAVE',63.28,NULL,'97228db5c8ed8e88f57c339f25860d162d80f8d4','2012-08-28 03:19:03','2012-08-28 03:19:03',2,'2012-05-11 00:00:00','Sale'),(354,'2012-05-13 00:00:00',NULL,'CHICK-FIL-A #02665','CHICKFILA ',13.15,NULL,'4508692f96c4840f987caca6048047d269cbbf46','2012-08-28 03:19:03','2012-08-28 03:19:03',2,'2012-05-11 00:00:00','Sale'),(355,'2012-05-13 00:00:00',NULL,'LIONS CHOICE 14','LIONS CHOICE ',8.12,NULL,'d71ae7f0774b8a32339858e00d703318316b89c3','2012-08-28 03:19:03','2012-08-28 03:19:03',2,'2012-05-10 00:00:00','Sale'),(356,'2012-05-11 00:00:00',NULL,'SMHC CAFETERIA','SMHC CAFETERIA',2.28,NULL,'5fee7c3149d0efda95c2af2a206cfa86f4a8e196','2012-08-28 03:19:03','2012-08-28 03:19:03',2,'2012-05-10 00:00:00','Sale'),(357,'2012-05-10 00:00:00',NULL,'STARBUCKS CORP00138115','STARBUCKS CORP',3.99,NULL,'a2a866715478a0d5c62e7f34a40090dd29430196','2012-08-28 03:19:03','2012-08-28 03:19:03',2,'2012-05-08 00:00:00','Sale'),(358,'2012-05-09 00:00:00',NULL,'DIERBERG\'S WARWOOD','DIERBERGS WARWOOD',3.22,NULL,'a9e0eaf020670eceb3e8c7f831a273668e06aaeb','2012-08-28 03:19:03','2012-08-28 03:19:03',2,'2012-05-08 00:00:00','Sale'),(359,'2012-05-09 00:00:00',NULL,'SCHNUCK\'S MARKET #1','SCHNUCKS MARKET ',5.36,NULL,'98e39f2c90dfda7d35b6574b80172e0f204e8256','2012-08-28 03:19:03','2012-08-28 03:19:03',2,'2012-05-08 00:00:00','Sale'),(360,'2012-05-07 00:00:00',NULL,'PANERA BREAD #729','PANERA BREAD ',21.23,NULL,'43e1eb2dac75aeaa294dca228c4bdc3f31bb8c48','2012-08-28 03:19:03','2012-08-28 03:19:03',2,'2012-05-06 00:00:00','Sale'),(361,'2012-05-07 00:00:00',NULL,'SHOP\'N SAVE','SHOPN SAVE',40.24,NULL,'7b43b5306c6ecdb771ac90c260746c1d92953dea','2012-08-28 03:19:03','2012-08-28 03:19:03',2,'2012-05-06 00:00:00','Sale'),(362,'2012-05-06 00:00:00',NULL,'WESTLAKE HARDWARE','WESTLAKE HARDWARE',14.86,NULL,'f663a649a7e6403971b8d091018730827929b7c9','2012-08-28 03:19:03','2012-08-28 03:19:03',2,'2012-05-05 00:00:00','Sale'),(363,'2012-05-06 00:00:00',NULL,'STARBUCKS CORP00138115','STARBUCKS CORP',3.99,NULL,'6fb48d799da3b23540a17871d968647962ac0e9a','2012-08-28 03:19:03','2012-08-28 03:19:03',2,'2012-05-04 00:00:00','Sale'),(364,'2012-05-04 00:00:00',NULL,'ATT*BILL PAYMENT','ATTBILL PAYMENT',109.1,NULL,'29e4df628fc208d41a50aef91cd7c66e972926cf','2012-08-28 03:19:03','2012-08-28 03:19:03',2,'2012-05-03 00:00:00','Sale'),(365,'2012-05-06 00:00:00',NULL,'METROPOLITAN OBGYN','METROPOLITAN OBGYN',30,NULL,'84294fafda816cda64ec61c3617c8d572ae7764b','2012-08-28 03:19:03','2012-08-28 03:19:03',2,'2012-05-03 00:00:00','Sale'),(366,'2012-05-04 00:00:00',NULL,'SHOP\'N SAVE','SHOPN SAVE',13.71,NULL,'d98545d7c91c3aa3fb99eaf77bf58e80b2ddd8a6','2012-08-28 03:19:03','2012-08-28 03:19:03',2,'2012-05-03 00:00:00','Sale'),(367,'2012-05-03 00:00:00',NULL,'STARBUCKS CORP00138115','STARBUCKS CORP',3.99,NULL,'2d7ecd2b6fd0dd3477165f54590056c1cf1774ac','2012-08-28 03:19:03','2012-08-28 03:19:03',2,'2012-05-01 00:00:00','Sale'),(368,'2012-05-02 00:00:00',NULL,'7-ELEVEN 27092','ELEVEN ',40.45,NULL,'a1f4c20d685ea43eca1aee630961fb8f7d9c172d','2012-08-28 03:19:03','2012-08-28 03:19:03',2,'2012-05-01 00:00:00','Sale'),(369,'2012-05-01 00:00:00',NULL,'SCHNUCK\'S MARKET #1','SCHNUCKS MARKET ',12.15,NULL,'6870ba5bcd9fbcbeefeb216600439ce1ec1f98c3','2012-08-28 03:19:03','2012-08-28 03:19:03',2,'2012-04-30 00:00:00','Sale'),(370,'2012-04-30 00:00:00',NULL,'7-ELEVEN 27092','ELEVEN ',38.21,NULL,'fbacaddbe64d6d8c235532ea901c25fc8f1236d8','2012-08-28 03:19:03','2012-08-28 03:19:03',2,'2012-04-29 00:00:00','Sale'),(371,'2012-04-30 00:00:00',NULL,'ROMANOS 1253','ROMANOS ',11.83,NULL,'c3f3e5988cdf32db69ecf5c59d0937f971fb865f','2012-08-28 03:19:03','2012-08-28 03:19:03',2,'2012-04-28 00:00:00','Sale'),(372,'2012-04-29 00:00:00',NULL,'STARBUCKS CORP00138115','STARBUCKS CORP',3.99,NULL,'a194e59cf9914aebbd07065011eb96b9182a3e7a','2012-08-28 03:19:03','2012-08-28 03:19:03',2,'2012-04-27 00:00:00','Sale'),(373,'2012-08-29 00:00:00','','SAM S Club       4850','SAM S Club ',102.83,NULL,'795d1c310b1835bb97021471290934902a7d4be7','2012-09-01 06:32:31','2012-09-01 06:32:31',1,NULL,NULL),(374,'2012-08-29 00:00:00','','EB TO Metropolitan','EB TO Metropolitan',24.79,NULL,'77416d91083163ae6805f6cd942ff2fc5d6cb720','2012-09-01 06:32:31','2012-09-01 06:32:31',1,NULL,NULL),(375,'2012-08-28 00:00:00','1200','CHECK #1200','CHECK ',163,NULL,'78f43185525bd4d24afcea2df1698981216d85c7','2012-09-01 06:32:31','2012-09-01 06:32:31',1,NULL,NULL),(376,'2012-08-28 00:00:00','','EB TO LACLEDE GAS','EB TO LACLEDE GAS',33.17,NULL,'456db9f601cb773d9c58e824508970181d76900a','2012-09-01 06:32:31','2012-09-01 06:32:31',1,NULL,NULL),(377,'2012-08-27 00:00:00','','TARGET DEBIT CRD ACH TRAN','TARGET DEBIT CRD ACH TRAN',30.38,NULL,'a1bac6de5835dab68dc6c6ee8e3ce62780b5baab','2012-09-01 06:32:31','2012-09-01 06:32:31',1,NULL,NULL),(378,'2012-08-27 00:00:00','','ALDI 41047       6914','ALDI ',23.22,NULL,'ce2ad1346d4fb2597e62fd4f3e33d52535be5015','2012-09-01 06:32:31','2012-09-01 06:32:31',1,NULL,NULL),(379,'2012-08-27 00:00:00','','TARGET DEBIT CRD ACH TRAN','TARGET DEBIT CRD ACH TRAN',20.78,NULL,'84ca7b78f2f7cffac9b1bad7952eecfa6549154c','2012-09-01 06:32:31','2012-09-01 06:32:31',1,NULL,NULL),(380,'2012-08-24 00:00:00','','SSM ST. MARY\'S H PAYRLL DEP','SSM ST MARYS H PAYRLL DEP',NULL,701.6,'9ecc71b9b9ad81ab391f22c2de8157627576c909','2012-09-01 06:32:31','2012-09-01 06:32:31',1,NULL,NULL),(381,'2012-08-24 00:00:00','','EB TO AMEREN UE','EB TO AMEREN UE',125.32,NULL,'1888586941d4843974fcbb1f050920a980846e26','2012-09-01 06:32:31','2012-09-01 06:32:31',1,NULL,NULL),(382,'2012-08-24 00:00:00','','TARGET DEBIT CRD ACH TRAN','TARGET DEBIT CRD ACH TRAN',92.97,NULL,'a08bf2b2c25b2e632b357d93a01f35c7ab285572','2012-09-01 06:32:31','2012-09-01 06:32:31',1,NULL,NULL),(383,'2012-08-24 00:00:00','','ALDI 41047       6914','ALDI ',3.31,NULL,'2d85fc90867f73115abaf329d6b4087e589c583e','2012-09-01 06:32:31','2012-09-01 06:32:31',1,NULL,NULL),(384,'2012-08-22 00:00:00','','HSBC ONLINE      TRANSFER','HSBC ONLINE TRANSFER',6000,NULL,'f8872c494fd72b34bbbca61fca114f5b69e7dc09','2012-09-01 06:32:31','2012-09-01 06:32:31',1,NULL,NULL),(385,'2012-08-21 00:00:00','1198','CHECK #1198','CHECK ',157,NULL,'44f9aa6ede6203081261a7ddc239cc7da1004827','2012-09-01 06:32:31','2012-09-01 06:32:31',1,NULL,NULL),(386,'2012-08-20 00:00:00','','TARGET DEBIT CRD ACH TRAN','TARGET DEBIT CRD ACH TRAN',57.16,NULL,'ad4c996a2c563622d2dfd02318dc5276783e46e8','2012-09-01 06:32:31','2012-09-01 06:32:31',1,NULL,NULL),(387,'2012-08-20 00:00:00','','ALDI 41047       4850','ALDI ',37.97,NULL,'2a4118e0ef96450564f5ba52ddb80a333d8a2c23','2012-09-01 06:32:31','2012-09-01 06:32:31',1,NULL,NULL),(388,'2012-08-20 00:00:00','','STL METRO MAPLE  6914','STL METRO MAPLE ',9,NULL,'8fbd0c35cde17416ca8a652ffa61e0f7c217da82','2012-09-01 06:32:31','2012-09-01 06:32:31',1,NULL,NULL),(389,'2012-08-20 00:00:00','','ALDI 41047       4850','ALDI ',4.72,NULL,'02916d2cd5a563b1b05bdb6890ef79a819664fa0','2012-09-01 06:32:31','2012-09-01 06:32:31',1,NULL,NULL),(390,'2012-08-31 00:00:00',NULL,'7-ELEVEN 27092','ELEVEN ',37.2,NULL,'497a7c80f7d43c7c972cad1f68c9b05f85d3329a','2012-09-01 06:33:54','2012-09-01 06:33:54',2,'2012-08-30 00:00:00','Sale'),(391,'2012-08-31 00:00:00',NULL,'SHOP\'N SAVE','SHOPN SAVE',69.1,NULL,'e6c75782066d6318f0f4c6261440496051284c1c','2012-09-01 06:33:54','2012-09-01 06:33:54',2,'2012-08-30 00:00:00','Sale'),(392,'2012-08-31 00:00:00',NULL,'ZISSER TIRE AND AUTO','ZISSER TIRE AND AUTO',60,NULL,'c1ad2cbc7245274c9f10339a7137579cfd555d53','2012-09-01 06:33:54','2012-09-01 06:33:54',2,'2012-08-29 00:00:00','Sale'),(393,'2012-08-28 00:00:00',NULL,'ATT*BILL PAYMENT','ATTBILL PAYMENT',108.76,NULL,'cd6fc03ffd3dd34ae9ae814fb1699d5d9621278e','2012-09-01 06:33:54','2012-09-01 06:33:54',2,'2012-08-28 00:00:00','Sale'),(394,'2012-08-29 00:00:00',NULL,'ELICIAS PIZZA','ELICIAS PIZZA',22.82,NULL,'98755604f4e46e6dc5410965d6451e9c8e44df56','2012-09-01 06:33:54','2012-09-01 06:33:54',2,'2012-08-28 00:00:00','Sale'),(395,'2012-08-28 00:00:00',NULL,'WENDY\'S  #11166','WENDYS ',6.53,NULL,'2af1f795ee8f694ef5df50747b8d8e6f6879c5f5','2012-09-01 06:33:54','2012-09-01 06:33:54',2,'2012-08-26 00:00:00','Sale');
/*!40000 ALTER TABLE `transactions` ENABLE KEYS */;
UNLOCK TABLES;
/*!40103 SET TIME_ZONE=@OLD_TIME_ZONE */;

/*!40101 SET SQL_MODE=@OLD_SQL_MODE */;
/*!40014 SET FOREIGN_KEY_CHECKS=@OLD_FOREIGN_KEY_CHECKS */;
/*!40014 SET UNIQUE_CHECKS=@OLD_UNIQUE_CHECKS */;
/*!40101 SET CHARACTER_SET_CLIENT=@OLD_CHARACTER_SET_CLIENT */;
/*!40101 SET CHARACTER_SET_RESULTS=@OLD_CHARACTER_SET_RESULTS */;
/*!40101 SET COLLATION_CONNECTION=@OLD_COLLATION_CONNECTION */;
/*!40111 SET SQL_NOTES=@OLD_SQL_NOTES */;

-- Dump completed on 2012-09-01 16:17:15
